chr1	p1s	p1e	chr2	p2s	p2e	type	HGNC_ID	ALT	REF	HG002ID	ClinVarName	ClinicalSignificance	LastEvaluated	PhenotypeIDS	Cytogenetic	SimilarityScore
1	899922	899852	1	899911	899975	Deletion	HGNC:24023	G	GGCTGCGGGGAGGGGGGCGCGGGTCCGCAGTGGGGCTGTGGGAGGGGTCCGCGCGTCCGCAGTGGGGATGT	HG3_Ill_SVrefine2DISCOVARDovetail_2	NM_198317.3(KLHL17):c.1700+14_1700+78del	Benign	Aug 05, 2020	MedGen:CN517202	1p36.33	100.0
1	977156	977109	1	977157	977203	Deletion	HGNC:329	C	CCGGCCAGTGCCAGGGTCGAGGTGGGCGGCTCCCCCGGGGGAGGGCTG	HG4_Ill_GATKHC_24	NM_198576.4(AGRN):c.1177+109_1178-99del	Benign	Jun 19, 2018	MedGen:CN517202	1p36.33	100.0
1	2583441	2583360	17	2583433	2585146	Deletion	HGNC:8574	A	ACCCCAGGTGAGCACCTGACATCGTGGAGCAGCAGCCCACACCCACAGGTGAGCATCTGACAGCCTGGAGGAGCACCCACAC	HG4_Ill_GATKHCSBGrefine_33	NC_000017.11:g.(?_2680139)_(2681852_?)del	Likely pathogenic	Jan 01, 2018	Human Phenotype Ontology:HP:0006818,MedGen:C4749301,OMIM:607432,Orphanet:95232	17p13.3	0.0
1	2583628	2583550	17	2583619	2583619	Deletion	HGNC:8574	G	GGAACAGCACCCTGCACCCCCAAGTGAGCATCTGACGGCCTGGAACAGCACCCACACCCCCAGGTGAGCATCCGACAGC	HG2_Ill_GATKHC_61	NM_000430.4(PAFAH1B1):c.1159+5del	Pathogenic	Sep 07, 2016	MedGen:CN517202	17p13.3	0.0
1	2606545	2606505	11	2606530	2606533	Deletion	HGNC:6294	G	GAGCAGTGCCCACACCCCCAGGTGAGAATCTGACAGCCCGT	HG4_Ill_scalpel_27	NM_181798.1(KCNQ1):c.743_746del (p.Ile248fs)	Pathogenic	Aug 07, 2020	MedGen:CN517202|MedGen:CN230736	11p15.5	0.0
1	2775802	2775724	18	2775815	2775823	Deletion	HGNC:29090	G	GAAGGAGAGGAAGAAAGGAAGGGAGGCAAGAAGGAAGGAAGCAGGGAGGAAGGAAGGAGGAAGGAGGAAGGAAGGAAGA	HG4_Ill_GATKHC_74	NM_015295.3(SMCHD1):c.5262_5270del (p.Leu1755_Thr1757del)	Uncertain significance	Nov 13, 2019	MONDO:MONDO:0008031,MedGen:C1834671,OMIM:158901,Orphanet:269	18p11.32	0.0
1	3319601	3319570	1	3319602	3319632	Deletion	HGNC:14000	A	ACCCTCCTCTGAGTCTTCCTCCCCTTCCCGTG	HG2_Ill_150bpfermikitraw_52	NM_022114.4(PRDM16):c.884+64_884+94del	Benign	Jul 29, 2018	MedGen:CN517202	-	100.0
1	3560092	3559583	17	3560096	3560096	Deletion	HGNC:2518	G	GTGGGGTGGCGCCTTCGCAAGTGGACTCAGCGGCCCCACTAACCCCCGAAATGGGGTCGCGCCTTCGGAAGGGGACCCAGCGGCCCCGCTGAGCCCCGGACATGGGGTCGCGCCTTCGGAAGGGGACCCAGCGGCCCCGCTGAGCCCCGGACATGGGGTCGCGCCTTCGGAAGGGGACCCAGCGGCCCCGCTGAGCCCCGGACATGGGGTCGCGCCTTCGGAAGGGGACCCAGCGGCCCCGCTGAGCCCCGGACATGGGGTCGCGCCTTCGGAAGGGGACCCAGCGGCCCCGCTGAGCCCCGGACATGGGGTCGCGCCTTCGGAAGGGGACCCAGCGGCCCCGCTGAGCCCCGGACATGGGGTCGCGCCTTCGGAAGGGGACCCAGCGGCCCCGCTGAGCCCCGGACATGGGGTCGCGCCTTCGGAAGGGGACCCAGCGGCCCCGCTGAGCCCCGGACATGGGGTCGCGCCTTCGGAAGGGGACCCAGCGGCCCCGCTGAGCCCCGGACA	HG4_PB_SVrefine2Falcon1Dovetail_68	NM_004937.3(CTNS):c.681+8del	Pathogenic	-	MONDO:MONDO:0100151,MedGen:C2931187,OMIM:219800,Orphanet:213,Orphanet:411629	17p13.2	0.0
1	3639235	3639206	16	3639248	3639258	Deletion	HGNC:23845	G	GCCTCTCTGCACCTGGCACAGGGGTGGGCA	HG3_Ill_Krunchall_53	NM_032444.4(SLX4):c.4381_4391del (p.Ala1461fs)	Pathogenic	Aug 17, 2020	MONDO:MONDO:0019391,MeSH:D005199,MedGen:C0015625,OMIM:PS227650,Orphanet:84	16p13.3	100.0
1	6220040	6219844	12	6220043	6220044	Deletion	HGNC:12726	A	AGGAAGAGCCCCAGCCAGGGAAGGGCCCCAGCCAGAGAAGAAAAGCCCCAGCCAGGGAAGGGCCTCAGCCAGAGAAGAAGAGCCACAGCCAGGGAAGGGCCCCAGCCAGAGAAGAAGAACCCCAGCCAGGGAAGGGCCCCAGCCAGGGAAGGGCCCCAGCCAGGGAAGGGCCCCAGCAAGGGAAGAGCCCCAGCCAG	HG2_Ill_SVrefine2DISCOVARplusDovetail_75	NM_000552.5(VWF):c.311_312del (p.Gln104fs)	Pathogenic	Apr 12, 2021	MedGen:C1848525,OMIM:277480	12p13.31	0.0
1	8097727	8097703	10	8097726	8097727	Deletion	HGNC:4172	A	ATTTTTTTTTTTTTTTTTTTTTTTT	HG3_Ill_FB_65	NM_001002295.2(GATA3):c.108_109del (p.Met36fs)	Pathogenic	Feb 15, 2009	MONDO:MONDO:0007797,MedGen:C1840333,OMIM:146255,Orphanet:2237	10p14	0.0
1	17124910	17124880	17	17124930	17124930	Deletion	HGNC:27310	T	TTTCTTTTTTCTTTTCTTTTCTTTTCTTTTC	HG2_Ill_Krunchall_188	NM_144997.7(FLCN):c.792del (p.Cys265fs)	Likely pathogenic	Feb 28, 2018	-	17p11.2	0.0
1	17231894	17231919	16	17231904	17231905	Insertion	HGNC:15516	TCCTTAGCGGATCCTTGGTAACGCTA	T	HG2_Ill_FB_134	NM_022166.4(XYLT1):c.1764+307_1764+308insTCT	Benign	Sep 05, 2018	MedGen:CN517202	16p12.3	13.333333333333334
1	25585373	25515230	15	25585374	25585374	Deletion	HGNC:12496	A	ATCCAATGTTCGCGCAGGCACTGGAGTCAGAGAAAATGGAGTTGAATCCTTTCTCTGCCACTCTTTGAGGAGAATCTCACCATTTATTATGCACTGTAGAATACAACAATAAAATACAGCCATGTACCACATAACAACATCTTGGTAAACAACAGACTGCATATATGATGGTGGTCATCCAGTAAGCTAAGGTTAATTTATTATTATTCCCTTTTTTTTTTCTTTTTTTTGAGATGTAGTCTTACTCTGTCACCCAGGCTAGAGTGCAATGGCACCATCTTGGCTCACTGCAACCTCTGCCTCCTGGGTTCAAGCGAATCTCCTGCCTCAGCCTCCGAAGTAGCTGGGAATTACAGGCACCCACCACATCTGGCTAATTTTTTGTATTTTTAGTAAAGATGGGGTTTCACCATGTTGGCCAGGCTGATCTCAAACTCCTGACCTCAAGTGATCTGCCTGCCTCGGCCTCCCAAAGTGCTGGGACCATAGGCCTGAGCCACTGTGCCCGGCCTTGTTTGCTTTTTTAACAGTTAACAGTGTGCTCATAGAAACTGCTTTGACATGACTGCAATCATGTGCTTCATAGAAACTTAATTAGATTATACCACTAGAGTCTTCAGATTTTTATACTTTTTTTTTTGAAACGGAGTCTCACTCTGTCACCAGGCTGGAGTGCAGTGCCGCAATCTCAGCTCGCCGCAACCTCCGCCTCCCAGGTTCAAGTGATTCTCCTGCCTCAGCCTCCCGAGTAGCTGGGATTACAAGTGCACACTACCACGCCCAGCTAATTTTTGCATTTTTACTAGACAGGGTTTCACCATGTTGGCTAGGATAGTTTCACCAGGATCTCTTGGCCTCATGATCAGCCTGCCTCGGCCTCCCAAAGTGCTGGGATTACAGGTGTGAGCCACCGTGCCCAGCCTATACTTCCCTTTTTGAATACCATTTGGCGTTTTGAAGAATTAACAGCTTTGTGAACGTGGCAGTGCTTGTGATTCAGGCTTCCACTGAGACCAAGGGGAGAACCTGGTTGCAGGACAAACAGACGGACAGCGTGTGGCAGTGTTTAAATGCTCTTCTGAAGGCTGATACGACAGCTCTCTGTGCACTGATTGTATACGCATCCCAAGATTATATTATTGTTTTCTATTGCTATGTGTCACACTTTGCCAAACAGGATGTGGAAAATGAATAAGCGGTTTTCTTAGGCACTTCTTAACAGACAATTGGTCAAAATGAACTCCATTGCTTAAGAAACACATAAACACCATTTAGTCACTGAATATAGCTATATGTATGGTTGCTACTATGGGGAATCTTGTTTTGCCAATTTTCTTTGAAAATTCTGGCAGACCAAGGTTCTTTTTGTTTACACAATACTTGAAAAATAAAAATGAACAAGCCAACAAACTACCAAGTTTTCACTTACATAAATGTAGTTACATACAGAAAATGTGACTGTGAATTTTTTCTAGGACTTTTAAACTATAAGCACTATTTGCACGAAAGAGAACCAATCTATCAATTACAAACTCACATAATTTTACAGATTTTTTTTTCCCTACACAGCACATAAAACAGAAGGAATTTGAAGCCACCCTCCAAACACAGGGGAAGGAGGCTGTGTGTATATCCTCATTGTCTTTCACATTCTAAGGTGGTTCCACTCAGTGACTGAAATCCTTAAGTGTTGTATTAGTCGGCTTGGGCTACCATAACAGCAGCTTAAACTGTTGTTAAGCCACTCAGACTTAAACAACAGAAATTTATTTCCTTATAGTTCTGGAGGCTGGAAGTTCAAGGTGCCGGCAAGGCTGGTTTCTGGTGAGACCTCTCTCCCTGTCTTGCAGATGGCTGCCTCCTCCCTGTGTCCTCATAGAGCCTGTCCTCTGCTTTTACACTTCTGGTGTCATCTTCCTTTTTTTTTTTTTTTTGAGACAGAGTCTCGCTCTATCGCCCAGGCTGGAGTGCAGTGGCCCGATCGATCTCGGCTCACTGCAACCTCTGCCTCCCAGGTTCAAGCAATTCTCCTGCCTCAGCCTCCCGAGTAGCTGGGACTACAGGTGCCCGCCATCATGTCTGGCTAATTTTTGTATTTTTAGTAGAGACAGGGTTTCACCATATTGGCCAGGCTGGTCTCCAACTCCTGACCTTGTCATCTGCCTGCCTCGGCCTCCCAAAGTGCTAGGATTACAGGCGTGAGCCACCGCACCCGGCCTCTTTCTCTTCTTATAAGGACACCAGTCCTATTAGATTAGGGCTCCACCCTCATGACCTCATTTGACCTTAACTATTATTTCTTTAAAGCACCTATTTCCAAATATAGTCACTTTAGGGGTTAGGGCTTCAAAATATGAATCTGAGGGAGATCAATTCAGTAAATAGCAGTAGTCATTAACGGACAATATATACAAAGATAATTTCGTGATTACTGTCCTTATGCATAAATGTCCTCAGTGTTCCACTGCCTTTATCCAGATTTACTATCACAAAGACTTTGCTCTGAGAAAAATGTGATTTCTTTCTTTTTTTTTTTTTTTTGAGACAGAGTCTCACTCTGTCACCCAGGCTGGAGTGCAGTGGTGCAATCTCGGCTCACTGCAATCTCCGCCTCCCAGGTTCACGCCATTCTCTTGCCTCAGTCTCCCGAGTAGCTGGGCCTACAGGCGCCCGCCACCCTGCCCAGCTAATTTTTTGTATTTTTAGTAGAGACGGGGTTTCACCATGTTAGCCAGGATGGTCTCAATCTCCTGACCTCGTGATCCACCTGCCTCAGCCTCCCAAAGTGCTGGGATTACAGGCATGAGCCACCGCGCCCAGCAGATTTTTTTTTTTTTTTTTTTTTTTTGAGATGGAGTCTTGCTGTGTTGCCCAGCCTGGAGTGCAGTGTTATGATTTTGGCTCACTGCAACCTCTGTCTACCATGTTCAAGCGATTCTCCCACCTCTGCCTCCCGTGTAGCTGGGATCACAGGCACACGCCACCACACCTAGCTACTTTTTGTATTTTTAGTAGAAATGGGGTTTCACCATGTTGGCCAGGATGGTCCCGAACTCCTGACCTCAAGTGATCCTCCTGCCTCGGCCTCCCAAAGTGCTGGGATTACAGGTGTGAGCCACTGTGCCTGGCCAAAAATGTGATTTCTTATTTCCCACATTGCCAATTCCATTTCAATTAACTATAATAGCTATGTCTATTGAGCACTCAAGTGTATTCTAGAAACTGTTCCTGATTCTGGGGATATATCCATGAATCAACTATAGTCCCTGTTATTAAGTAATCTGTAGTCTGACTAAACCATTAGAAATTTAAAAAATGGCTACTTTCAAAGACATCTTGGAGTTCAGGAGTCCCACACTGCGAACCATATTACCTAATAATCCAACCTGCTTGTAATTCACTTATTTAACCAATATTTATTGAGTGCCAACTTTGAGCCTAAGATACAGCAGTAAACAAATGGATAAAGTCCCTGTCCTCATGAAACTTGTATTCTAATGGAAGAAACAGAAAACAAACAGATATAGGATGTAATATCAGGTAGGGATAAATACTTTGAATTCAAACAAAAGTATACGTAGTCAGGGTTCGCCAAAGAGACACAGCCAATCGGATACATAGATATATAAAAGAGGGTTTATGAGTTAGAAAGGGCTCACATGATTACAGAGGCTGAGAAGTCCCACAGCAGATTGTCTGCAAGCTGGAGACCCAGGGATACTGGTAGCATGGCTCAGTCCAAGTCCCAAAGCCTCAGAATCAGGAAAGCTGATGATATAATTCTTAGCCCAAAGGCCTTAGAACCCCAGCGGTGACGGAAAGGCTGATGTAGGTCCTGGAGTCCTGAGACCCAACAGCCTGGGATCCTGAAATCCAAGGGCAGGAATGGAAGCGTGTATTCCAGCTCCAAGAGAGTAAGACCAATTTGCCTTTCTTCCGTTTTTGTTTCAAGCCACCTGCACATTGAGGGCGGATGGTTCCCTCTTAGTCCATTCAGTCATATATCAATCTCTTCTGGAAATACCCTCACAGACACACTAACAAATAATGCCTTTCCAGTTCTCTAGGTATTCTTTAATCCAGTCAAGCTGACACCTAAAATTAACCATCACAAAAGTTAAGGAGAAAGAAGACAACTTGTAGGGGAGGCTGCTATGCAAGACAGTGTGTGAAGGAAGGGCTCTCTGAAGAGGTTAATATCTGAGCAGAGACTTGAATGAAGTGAAGAAGTGAGCCATGTGGGTATGGGGAATACAACTTCCAGGTAGAGAAGACAAGTGTGGTGTGTATCAGGGTCAGCAAAGAAGCCATGTGACAGAGAAGGGTGGGCCAGGGAGAGACGGATAAGTGATCTAACTCCTGAGGAGGTGGCCTGGCCAGGAGCTAGAGCATGAAGATCTCGTAGGACTTTATTCTGCAAGGTGAAAAGCCATTGTATTAGTCTGTTCACAAACCCGAGACTAGGCAATTTACAAAAGAAAGAGAGGTTTAATGGACTTACAGTTCCACATGGCTGGGGAGGCCTCACAATCATGGCGAAAGGCAATGAGGAGCAAGTCACGTCTTACGTGGATGGCAGGCAAAGACAAAGACAGCTTGTGCAGAGAAACTCCCCCTTATAGAGCCATCAGATCCTGTTAGACTTATTCACTATCACAAGAACAGCACGGGTAAGACCTGTCCCCATGATTCAGTTACCTCCCACTGGGTCCCTCCCACAACGCATGGGAATTCAGGATGAGATTTGGGTGGGGACACAACCAAACCCTATCATTCCACCCATGGCCCCTCCCAAATTTCATGTCCTCACATTTCAAAACCAATCACACCATCCCAACAGTCCCTCAAAGTCTTAAATGATTTCAGCATTAACTCAAAAGTCCACAGTCTAATGTCTCATCTGAGACAAGGCAAGTCCTTTCCATTTATGAGCCTATAAAATCCAAAGCAAGTTAGTTACTTCCTAGATACAATGGGGGTACAGGCATTGGGTAAATACAGCCATTCCAAATGGGATAAATTGGTCAAAACAAAGAGGCTACAGGCCCATGAGAGTCCAAAATCCAGTGGGGCAGTCAAATCTTAAAGCTCCAAAATGATCTCCTTTGACTCCACATCTCACATCCAGGTCACGCAGATGGAAGGGGTGGGTTCCCATGGTCTTGGGCAGCTCTGCCCCTGTACCTTTGCAGGGTACAGCCTCCCTCTCAGCTGCTTTCATGGGCTGGCATTGAGTGTCTGCAGCTTTTCCAGGTACACGGTGCAAGCTGTCGGTGGATCTACCATTCTGGGGTCTGGAGGACCTCTTCTCACAGCTCCACTAGGTGGTGCCCCAGTAGGGACTGTGTGTGGGGTCTCTGACCCCACATTTCCCTTCTGCACTGCCCTGGCAGAGGATCTCCATGAGGGCCCTGCTCCTGCAGCAAACTTCTGACTGGGCATCCAGGCATTTCCGCACATCCTCTTTAATCTAGGCGAAGGTTTCCAAACCCCAATTCTTGACTTCTGTGCACTCGCAGTCTCAACACCACATGGAAGCTGTCAAGGCTTGGGGCTTGCACTCCCCGAAGCTACAGCCCAAGCTCTACCTTGCCTCCCGTCAGTCATGGTTGGGAGTGGCTGGGATGCAGGGCACCAAGTCCCTAGGCTGCACACAGCATGAGGACCCCGGGCCTGGCCAACAAAACCATTTTTTCCTGATACCTCTGGACCTGTGATGGGAGGGGTTGCCATAAAGACCTCTGACATGCCCTGGAGACATTTTCCCCATTGTCTTGGGAATTAGCATTTGGCTCCTGTTACTCATGCAAATTTCTGCAGCCAGCTTGAATTTCTCCTCAGAAAATGGGAATTTTTCTTTTCTATCACATTGTCAGGCTGCAAATTTTCCGAACTTTTATGCTCTGCTTCCCTTATAAAACTGAATGTCTTTAACAGCACCCAAGTCACCTCTTGAATGCTTTGCTGCTTAGAAATTTCTCCTGCCAGATACTCTAAATCATCTCTCTGAAGTTCAAAGTTCTACAAATATCTCGTGCAGGGGCAAAATGCCGCCAGTATCTTTGCTAAAACATAACAAGAGTCCCCTTTGCTCCAGTTCCCAACAAGTTCCTCATTTCCGTCTGAGACCACCTCAGCCTATGGACTTTATTGTCCACAGTGCTATCAGCATTTTGGGCAAAGCCATTCAACAAGTCTCTAGGAAGTTCCAAACTTTCCCACATTTGCCTGTCTTCTTCTGAGCCCTCCAAACTGTTCCAAACCCTGCCTGTTACCCAGTTCCAAAGTCACATACCCATTTTTGAGTATCTACGGCAGCACCCCACTCTACTGGTACCAATTTAGCCACTGAAGTAGTTGGAGAACAGAAGTAATAGACTCTGGTTTACATTGTAAAAGCTTCTCTGTGGCTGCTGTGTGAAGAAAATATATGAGAATGAAGCCCCAAGATGAAGCAGGGACACAGTTGCAGTGGTTAGAGTAAGAAATGCTGCTGGCTGGCACTGAAGTGATAGCCTGGAGGTTTGTGTGTGCACATGCATGTGTATGTGTTTTACGATAGTAGGCCCAACAGATACTGTAATCCACACTTGTTTTTTTTTTTTGAGACAGAGTCTCACCTGTTGCCTAGACTAGAATGCAGTGGCACAATCTTGGCTCACTACAACCTCCACCTCCCAGGTTCAAACAATCCTTGTGCTTCAGCCTCCCGAGTAGTTGGGATTACAGGTGTGTGCCACCGTGCCCAGCTATATTTTTTGTATTTTTAGCAGAGATGGGATTTTGCCACATTGGCCAGGCTGGTCTTGAACTCCTGGCCTCAAGCAATCCTCCCACCTTAGCCTCCCAAAGTGCTGAGCCACCACACCTGGCCGCAACTGATTTTTAATCATGAAATGACACATACATTTAAAAAACCCAATACCTATAATATTCCTGGCTAGTACTCTTCACATCTATATCATCAAAAACAAAGAAAGTATGTGAAACTGACACAGCCAAGGGGAGACTAAGGAGACATAACAATTAACTGTAATGTGGTATTCTGGAGGGGATCCTGGAACAGAAAAAGACATTAGGCAAAAAACTAAAGAAATCTGAATAAAATGTGGATGTCAGTTAATAATAATGTATCATATTAGTCCAGTAATTGTAACAAATATACCACAATAATGAAAGCCATTAATTATAGGGAAAATGGAGGGGTTAATATGGGTGGCTGGCTTTTGCTATTTCTAGCAGCTCCATTTTATCTGCAAAAGACAAACATTCATTAAGTCCCAAAAAGGTAAAGAATGACAAATTAAGCATGTATCTTATTAGTAAGAGTAATATAAAGATGCTCACTCCTATTTATAAATATTTGACAATCATGTTAAGGCCACAAAAGAGAAAAAAGGGTAGGGGCAAAAAACGCAAAGAGAAAGGAGTTAGTATCTTTTCTCCCGCACTCATTAGCTATTAAAAGAGGATGTTTGTTTAAAGCTGCTCAGAGCTGGTAAACTAATGTTAAGTCACTAACGGGAATTTAAAAGGTTTCATTAAGAACTGCCTGCACTAGATTCCTCCACCCTGAGACATTAAACAATCACGATAAACCTCCTGAGTGGTAAGAACTTGTCCATTTAAAAACAGGCTATAGATTGTATCATGCAGTTTTATCTACTAATCGGCTAATATCCCGCCAAAAACAAAAAACCCCAAAGGGATGAAAGTTTCATCCATCAAAGGAAACAACAGTCACCTTGGTTCCCATCTCACTCATATACTGCCGCCGTACATGTCAATCAGATGAACCTGTGCGTATCTCTTAATGACAATTGACCCACATTTTTGACTGAAGTGAAAGGGGGTTCTGCTCCGCGACCACTTCCTGGATCTCCCCCTCCACCCTCTGTGTTCTTTCGGGTGCACCATCGGGTCAAAGCCGCAGCAACGCCGTCTCTGTGTGATCGCATGTGCCCTTCTGCACACGACCTTCCCCCGAGAGTGACCAGCTACCGGACAGGCACCAAGGAGGGCTACCGAGCACCTCCCGGACCGGCGGCTGCAGGATCGCGAGCGCCTCCGCTAGGGAGACTGCACGTTGCGCCTGTGCTTCCTGCGGTGGCGCCTTCTGCAAGGAGACCTCGACCCTGCTCCCTCTCCGGGGCTGGATCTGACTCCTTGACGGTGATTCCAGACGCGAGACCCAAACTGACGGCTTCTAGAAGAGGGGCGAGCCCGGCCGCAAGTCTTTCACGTAGCTAAGTCATCGTTGCTTCCGGCTTCTTACCGTTCTCCCCTTTGTAAACGGTTACCTCCCGAAAACCCAGGCTCTCCTCCAACAGTGGTTCTCAAGCGAGGCGATCTTCCCCGGGAGGGGATATTTGGCAAAGTCTGGGGGCATTTTTGGTTCACTGGGGCTGCTACTTGCATCCACTGGGTAGAGGCGGGGGATGCAGCTACACAACCTGCGAAGCACGGGACAGCACCCTCCCCAACCCAGACAGAATTAGCCGGCCCAAAACCTCAGTAGTGCCCAGGCTGAGAAACCCTGCCTTAAACAAACAACAAAGAAAAGCCAAGTCCCATAAGTGGGTCACCGCGCCGAGACTGGGGTCCACGGGACACCCCAGCCACGCCAAGCCGGGAAGTCCCCGCCTCCTGGAGCTGAACCCGCCCCTCTCCCAGAGGTGGAGCTGCGGGGGGCGGGAACAGGCACGGAGAAAATAAACAAGACTAAAAAGTCCTGAGTAGCGCTGTGTGGCCGCAAACCTGAACCCACCTTTTGCACCACGCGGGACCCGGCACGCTTCCTGCCACCCACCCCTGAGAGGGCTGCGCGGCCGACCCCAGTACTAGAAAACACTCGTCACCTCAATCAAGACGGGTACGAAGGCCAACGGACGCCTTCCTTTAGAACGCTCAGCACACAGAGCAACTTCTCACGCCTACTCTCAAATGGCGTACTCCAAACTAGCACTCCCGACGTCCAGCTGTGAACCCAGAGCGGCGGAAAGCCCCTGAACCCAGCGCCCGGGCATGCGCAGACGCGTTGTTGTGGTGGGCGTGGCTCCCTCCGGACCCGGCGCCCCGCCCTCCGCCCCGTGTCCGCATGCGCGACTGAGCCGCGGGGGTGGTACTGCTGCATCCGGGTGTCTGAAGATCCGATGAAATAACATATGCAAAATGATTGGGTCCGTGATTGGCATTCCAGAAATGGTAGCTGTTATTCAGCCAACAAATATTTATTGAGCACCTACTATGGACTTCCCTGGTGCTGAGGATACAACAGCAACCACAGCAGTCAAAAGTCCCTGTCTTCATGTTGCTCAGATTCTCATAGGGGAAAGCAAATAATGAACAAATACACGGCCGGGCGCAGTGGCTCACGCCTGTAATCCCAGTACTTTGCGAGGCCAAGGTGGGCAAGTCACCTGAGGTCAGGAGTTCGAGACCAGACTAGCCAACGTGGTGAAACCCTGTCACTACTAAAAATACAAAAATTAGCGCGGTGTGGTGGCTCATGCCTGTAGTCCCAGCTACTTGGGAGGCTGAGGAAGGAGAATCGCTTGAACCTAAAAGGCAGAAGTTGCAATGAGCCAAGATCGTGCCACTGCATTCCAGCCTGGGTGACAGAGTACTCCGTCTAAAAAAAAAACCTAAATACACAAGTAAAAATATAGACCTCGTCAGATGCTAGTAAGTGCTGTGAAGGAAACTAAAAGGGGAACACAAGGAACCCTTGTCAAGGGGAGAAGAAAGGGGAGTTGATGCTGTCCTTTTAAATAGGGCAGTCAGAGGCCGGGCACAGTGGTTCACACCTATAATCCCAGCACTTTGGGAGGTTGAGGTGGGTGGATCACTTGAGGTCAGGAGTTCAAGACCAGCCTGGCCAACCTGGTGAAATCCTGTCTCTACTAAAAAAACAAAAACTAGCCGGGTGTGGTATCACGCGCCTATAATCCCAGCTACTCGGGAGGCTGAGGCGGGAGAATCACTTGAACCTGGGAGGTGGAGGTTGCAGTGAGCCGAGATTGTGCCATTGCAGTCCAGCCTAGGCAACAAGAGCAAAACTTCATCTCAAAAAAAAAAAAAAAAATAGGGCAGTCAGGGAAAACTTTCCTGAGAAGGGGATGGTGGAGGATCCAGGGAGGTGAGGTGGGGAGCAAGCCAGTACAGTTGTTCCTTGACTTTCGATGGGGTTATGTCCTGATAAAGCCATGGTAAGTAGGAAATATTGTAAGTCAAAAATGCATTTAATACATCTAACCTACGGAACATCATAGCTTAGTCTCACCTACCTTAAACATGCTTAGAACACTTACATTAGCCTACAGTTGGGCAAAATCCTCTAACACAAAGCCTATTTTATGATAAAGTATTGAATATCTCATGTAATGTACTGAGTACTGTACGGAAAGTGAAAGACGGAGTGGTGGGATGGGAACTCTAAGCGCGGCTTCCACTGCATGTGTGTTGCTTTCGCGCCATCATAAAGTTGAAAAGCGTTAAGTCAAACCATCGTACGTCGGAGGCCATCTGTATCTGGTAGGAGGAGTGTTTCAGACAGAGAGAACAGCAGGTGCACAGAGTGCTTTTTTCCCAGCATTTTATTATGAAAAATTTCAAACATCTACCAAAAAAAGTTGAAAGACTTGTACAGTGAAAAGCCATACATCTCACAGCTAGAATCAACAATTAACATTTTACTGTATTTGGTTTTTGACTTATCTATCCTAGATCCCTTGTGCTTTCTGTAGCAGGTGACCTGCCTTGAAGATTTAAAGACAGAATATCAGGAAATGTAGTCAGAAAATGGGGCCTTTTATAAGAGTCAGAGGGGAAGAGCAAAACCTCTGCTTTTGACAAATCTGTTGGGAGAGGCCAACTGCAGGGATACCTCCCTTTTTTAATGAAAGCATTTCTGTTCTGCGAGGAGCGGGATCCTCTTGTCAAGCAGTCAGTCCCTGCTGCTTCCTTACTGGGGCAGGATCAGGACGCACAGGGATTTGGAGTGCCTTGGAACCAACCACCACCCACGCCGTTTGCCAGCTGGTAAACATGCCCATCAGGTCCGGGGGTTGGCATTGCCTGGACATCTTTAGTGTTCATCTTGCTGACATCTGGTGCCCTCGGGCAGGTAGGTGCAGTTGGCTGCCTGGTTTACAGAGCTTGTACTGGGCCCAGGTTAGCAGAGGTCACATCCATTTATCCCACTGCGCAGAGGAGTTCCTTCTCAGGAAACCCAGTTTATAAGAAGTACTGACTGCCAGAAATAGAGCAGAAATGAGAACCAGGAGGCAATTGTGAGAGGAATGGAGACTTCTGACCTCTGGGGATTGGGGTACCCTCCCCCTTAATTGCTGTTGGGGTAGCAGAGGGCTTAGAAGCCCATGTTCCTAGACTTTTAGAATTGGAAGAAGACTTAGAAGTAATCTAGGCTGGGGGTCCCCAACCCCCAGGCTGTGGCCCGTTAGGAACCTGACCGCACAGCATGAGGGATAGGCCAGCGAGCACTACCGCCTGAGCTCCGCCTCCTGTCAGATCAGCAGCGGCATTAGATTCTCATAGGGGCACAAACCCTATTGGGAACCGCGCATGAGAGGGATCTAGGTTGCGTGCTCCTTAGGAGAATCTAACTAATGCCTGATGATCTGAGGTGGAACAGTTTCATCCCCAAACCATCCCTCCAACCTCACCCCGGTCCATGGAAAAATTGTCTTTTACAAAACCCGTCCCTGGTGCCAAAAAGCTTGGGGACCCCTGATCTAGGCTACAGTTAAGTGGTCAAACACCCAGGTCCTGAAGTTAGGCTGCCTGGGTTTAAATCCCAGCTCTACTGCTTACTAGCCCTGTGACCTTGAGCAAGTCACTTAGTTTTTCTGTGCCTCAGTTCACTCATTTGTAATAAATCCTAATAGTACCCATCCCAGTGTCATGAACTAAGTTCATATATGTAAAGTACTTAGAATGGTGCCTAGCAAGTACTTAATAACAGTTAGCTCTGAAAATGTATAAAGCAAAATTAACCAATGTTTTAGTGGTTTGCAGCCAACTTTTTTCTATGCGTGTGCTAACATATTATTTTATAAGAGTGGGAATATATTGTACATGCTGTTATATAACTTGCTTTTTCACTAAACAGTCTATCCTCTGTGTCAGTTTTGATAAAAGCGTTTTCCTCTTGCTTTTCCTGCATATGTTCAGAACCATCATATTGGTAGCAAGTTTCATGTCCTGTAGTTTTCTTAACCAACCCCCTGCTAGTGGACATTTAGGTTAGTCTCAGTTTTTTCCTTCTGTAAATAAAGCTGCACTGAGCAAGAAGTGACTGATGCCAAGTGACTAGATGACCTTAGGTATGACCTCTCTGGGTCTTGGTTTCTTGGTCTAAAAACAAAATGACAGGATTCGACTGGGTGATTAAAATCTCCTCTGATCTACATAGGAATTGTTTTCAAGACATTTCTGCATTCCTCTAGTGACAGGGTGCTCACTACCTCATGAGTATTTCAGTGGACAACTGTAATGGTCAATAAAGTATCCACTTTCCACCTCCCTGCAGCTCCTGGCCCTGGCTTTATTCTCTGGGGCTCCACACATTCAGTTTACACTCAGTGGCCAGTGGCTGGGACCATTGTAGAAAATAAGGAAACTCCAATTCCTTCCTTCTTTTCTTCCTCTTTCATCTCTTCCTCCCTCTCTACATCCCTCTCTCTCTTCCTTCCTTCCTCGACACTTACCATGTACCAGACCTTCTGCCAGGCACATGGATGGGAGCACAGGGGAAGTTGGCTGCAGGGTTAGAACTAAGTCCCAAGCCCCCTAAAGCTCATGCCAGGGGACTGGACTGTCCAGTACTGAGGGATGGGGATGCTGAGGCTGGTGGCCTTCCTCAAATGCACTGTAGTGCCCCAGGCAGAGTCCTGGGCTGCCCTGTGAGGAGGTGACCAGAGGTAGAGCAACTTCACCCTAAGGCTGGATCAGGATCCCCTCCAGGTTTTTACTAGAGCCAAACCCACATCTCCTTTCTCTTCTGCCACCCCCCCTTAAAATGCTTAGAAACACATAGATTTAAATACAAATTCAAATGTAAGTAATTTCAACTGTGTAACTATGAGGAGTCAGTTCTACGTGGGTCCTATCTGTATCCTCCCCAGGGCTCAGCTCCATTCTTTGCTTTCATTCATTCTCATTCAATACATTGTTGTTAAGAGCTCACTGGGTGCCCTCTCTGTCATGTAGTAAGGTTTTAAAAAGAAAGCCTCTTCTGAGCTTCAGTTTCCTTATTCATAAAATAGGAGTATTGATCCATTCCTTGCTTTTCTTACAAGGATATGCTGAAGATGACTGAAGTACAGAGTAAAGAAGGATTATGTTTGGGTGTCAAAGGAATAGAATGCCCTCTTTCAAACTGAGCACAGCAGGAACCTGTAACAGGAACACAGCAACTTGTTGAATGAATGACAATATTGGAAAACATACATTTCCTCCCCTCCCCATCATAGTCCCTCTGCTTCCGTGTTAACTCCATAGAGAGGCCAGCACAACCAGCCTTGCAGCCTGAGATAAGGCCTTTGGCGGGTGTCTCCCCTATCGCTCCCTCAAGCCCTCAAGTAGGTGTTGGAGAGAGGGGTGATGCCTGGTGCTGGTGGAACCCCTGCACAGAGACGGACACAGGATGAGCTCTAAGTACCCGCGGTCTGTCCGGCGCTGCCTGCCCCTCTGGGCCCTAACACTGGAAGCAGCTCTCATTCTCCTCTTCTATTTTTTTACCCACTATGACGCTTCCTTAGAGGATCAAAAGGGGCTCGTGGCATCCTATCAAGGTGAGAGTTCATTGGAAAAGTGGTCACAGGAGCAAATAGCAGGGGCAGGGGCGGGGGAGGCCTGTGGTTCTCCAGGGGCACAGATGTTCCTTTCTACAAAATCCCAAGGAAAAAGATTCCCCCATCTTCTTCCGTAGATTGCACCGAAATTCAGCCAACAATGTAAGCTTTCCTTTAGAAGCAGCCTGGGCATGCCCTCTTCTGTGAAGCCTGCCTTGATTTTTCAGCACAGTGAGAGGCATCCTCTTTGGTGTTCCTCAAATTCCCTCTACCAAATGGTCTTCATAATTCTCTGCTTCTCTGCTTCCCCTTCTCTCTCCTCAGTGGCAAGGAATTTTTTTATTTTTATAGATTTAGGGGATACAAGTGCAGCTATCTTATGCAAGCAATTTCATGTTGTTGGGTTTTTGGTTTTTGTTTCCTTTTTGTGGCCTCTCGCTCATTTCTTATTTCTTTTTGAGGCAGGGTCTCACTCTGTTGCCCAGGCTGAAGTGCAGTGGCATGATCATGGTTCACTGCAGCCTTGACCTCCTAGTCTCAAGCAATCTTCCCACCTCAGCCTCCCAAGAAGCTGGGACCACAGGAGGGCACCACCATGCCTGGCTAATTTTTTTTTTTTTTTTTTTTGGTAGAGATGTGGGTCTCCCTGTGTTTCCCAGACTGGTCTCAAACTCCTGGACACAAGCGATCCTCCAGCCTCAGTCTCCCAAAGTGCTGGAATTACAGGCGTGAAGCACTGTGCCCAGCTCTCTTGCTCATATCTATACTAGTTTTCTTTTGGAAGCTTCAGCCTGTTGCTACCCCCCACCCCCACCCCCACCGACCCCAGCTTTCTTCTCACTTAGGGGCTGGGAAGTCTGCATGCTGTCTATAAATCCAGAACCAGAAGGTATGGCTGAAGGGGAGGGTAGGATGATGGTTATTTTATATTCAGCTAAAAATATTCCCAGACTGTGATGAGACAACTGTAAATAAGACAGATGTCCACAATGGTGTGACTTTGCTTTTTTAAAAATATTGAAATGAGTTTCAGGCATCTCAGTGGGCTGATAGGTTGTTGATAATAGACAGGGCCTCCTTGAAGAATGTCCCTGAGACAAAGTTGAAGCTTGAGCCTGGTTGAGTCCTTGCTTGTTCCTAGGTTGATATGAACGGCTAGTTAACTGGAAGCAAAGAGAAGTCATCCTGGGGGCCATGGCAGTGACAAGTAGGACTTAGGGAGGGAAGCCCTTATACCATTTAAGGTGCTGGCCCAGAGAGGAGCCTTCAGTGACAGACAAACAAGAGCTGGCACAATTTTAATTCACTTCAATTTACTCTAATTCATTTCAATCCAATACAATTCAATGCATTCCATTCATTCAACCATGTATGACATCCAATGTGGGATCCAGACTCATGATGATTAGAGCTGATATTTATGAGCACTTACTATGTACCAGGCACTATTCTACATGCTTTACATTGAACCCTCACAATAACCCAATGAGGTGGGTACTATTATGATCTTCGTTTTTCATATGAGGAAACTAGGCATATGGATGTTGAGTAATTTGCCCACGGTCGCTCAGCTAGCAATAGCACAGCGTATTTAAATTTAGCCACCCTGGATTTAGTTTCCTTACACTTAACCATTATGCATCATGGCCCCATTTTACAGTGGGCTTGAGTCTTTGTCATATAACCCAGTAGGTTAGCAGCCACTATTCCAACCCTGTAGATTGACTCTAGGGTCCATGTTCTTTACCCCTGCACCGTGCTACTAACGTAGGTACAAAATGTCCTCAGAAACTCACTTTATACGGAAGCTCAGAGGAGGGTCCACAACCCAGGCAGGGGAGACGATGGTGTCAGGGGAGGGAGGTGACTGCCCAGCCAGGTCTTGAAGGCTCAGTAGGAATTACCTGTGGGACAAAGGAGGGTCATCCAAGTGAGGGCACAGTGGGTGCCATGGCGTGCACACACAATAGAGCAGACTGAGCCTGGGCTTAACATTGCATTGCCCTGGAGCCTAAAAGGGGAAACAAAGGGCCGGGCGACGTGGCTCACGCCTGTAATCCCGGCACATTGGGAGGCCAAGGCTGGAGAATCACCTGAGGTTAGGAGTTCGAGACCAGCCTGGCCAACATGGCAAAACCGCATCTCTACTAAAATTATAAAAACTGGCTGGGTGTGGTGGCACACGTCTATAATCCGAGCTACTTGGGAGGCCATTACACTCCAGCCTGGGCGCCAGAGTGAGACTTCATCTCAAAAAACCAAACAACAAAAACAACAACAAGAACAACAAAAAAACAAAGAGGAGAGCAGGGACTGGGTGTGGTGACTCATGCCTGTAATCCCAAACACTTTGGGAGACCAAGGCAGGCAGATCACCTGAGGTCAGGAGTTCGAGACCAGCCTGGCCAACATGGTAAAACCCTGTCTCTACTAAAAATACAAAAATTAGCCGGATGTGGTGGCACGTGCCTGTAGTCCCAGCTGCTTGGGAAGCTGAGGGAGGAGAATTGCTTGAACCCAGGAGGCAGAGGTTGCTGAGCTGAGAACATGCCACTGCACTCCACCCTGGGTGACAGAGTGGGACTCTGTCTGAAAAAAATAATAGTAATAAATAAAAATAAAGAGGGAAGCAGCGGGTGGCAGACTCACTGGGCTGCATACGAAGTTTGGCTTCAGTCTGAGGTCCGAATAGTAAACAGCAGCGAGACAAGTTTGGGTTTGGGTCATGGAGGAAGCCATGCCAGGGCTGGTGTTGGGCACAGGGAAAGGGGCATGGCTTGAGACACCAGACCAGCGTGGAGGCTGTAGTGTAGTATTGACCTGAGGACTTCAACATTCTGATGGTGTACACACGATTTTTTGAGCATGTACCATGGTTATATATTACACTTTAAGTATTACTTTAAGTATTACTACATTAATATATTTTGTATGTTACAATAAATACATACAAATTAGGAAAATTGAAAGAGATCAAAATGAAATATATAATATTTTCAAATTACTAATCATAATGGTGTCAATCTCCAGGCAGGGTCCATTGCTACAGTTGACGATAGTGGATGAAAATTCACTCCTCAGAGTCTTCTTGATAATTTGAAATTGTCTTGATTGACTTGTCAGATCTGATTAGATCAACATGTTTTAAATCTCGAATGTGACTGACAGCTTGTACGAGGAGAAGTTTCACTCTGCCTTTTCCCTTTTGTTCACTTGACTGCCATTATTTCTATGCTTCCAATCTGTGTTTTTCTGCACGAGTTGGTTAAGCCATTACTTCATTTTGTGAAAGTTTGTTGAGTTAAACTTAGGTAACTTAATCTGTCAATCCACTTAATTGAATTCAGTCCTGGTAAACTATAATAGATTATTCAAACCTGCCAATTCTAAAAAGACATTTTGAGACAATCAGGAAATCTGAATATAGCATGAATATCTTACGATATACAAGGATTATTGTTAATTTTGTTAGGTATGATAAAAGCATGGTGGGTTGTTTTTGTTTTTGTTTTTTAAGTCTCCATCTGTTAGAGAGGCACATTGAAATGGCATGATATCTGGGGTTTGCTTTTATGCCAGAAAAAAGAAAAAGTACAGAAGGATTATAGAAACAAGATTGGTCTCATGTGACAATCATCAGAGTTTGGAGATGGGCACGTAGGGTCATCGTGCTGTTCTCTCTGTTTTCGTATATGCTTTAAAAGTTCTGTAATAGTTAATTAAAAAAAAAAAAAAACACCCTGGCTGAGCATTTAGGGAGGCCAAGTGGGGAGGATCGCTTAAACCAAGGAGTTCAAGACGAGCCTAGGAAACATAGGGAGACCCCCCCCCATCTCTAAAAAAAAAAAAAAAAAAAAAAACTTTAAAATTTAACCCAGTGTGGTGGCACATGCCTATAGTCCCAGCTACTCAGTAGGCTGAGGTGAGAGGCTTGCTTGAGCCTGGGAGCTTGAGGCTGCAGTGGGACGGGATTGTACCACTTCACTCCAGCATGGGCGACAGAGCAAGACCCTGTCTCAAAAAAAATAAAAATATTTGAGGTGAAGCGAGGCTGTAATAACAAATTTAAAAATATAAATAAAACATAAAGGCTGGGTGTAGTGGCTCACGCCTGTAATCCCAGCACTTTGGGAGGCCAAAGCAGGCAGATCACGAGGTCTGGAGATGGAGACCATCCTGGCTAACACGATGAAACCCCATCTCTACCAAAAATACAAAAAAATTAGCCGGGTGTGGTGGCGGGTGCCTGTAGTCCCAGCTACTTGGGAGGCTGAGGCAGGAGAATGGCGTGAACCCAGGAGGCGGAGCTTTCAGTGAGCTGAGATTACGCCACTGCACTCCAGCCTGGGCAACAGAGCGAGACTCCGTCTAAAAAAAAATGAAAATAAAAATAAATGAAACATAAAACCCTGCCATTAGTTGCAATATGAAGAATATAGAGAAATGCATATCAAATCCTTCTCATTGGACCAATATTCCCTTAGGGCACCTTCCAAAGCTAGGAGACTCAAGGCTGTATGACATCCTGAGCAAGTGAGGGGTGGCTTCTGGGTGAATCTGAATATTAAATATTTGCAGAATTGAAAACTTCACAAAGTACCTTTAGAGATAGAATAGCCTAGATCCATGTTTCTCAAAGTGTGGTCCCCAGACCTGCTGCCTCAGCATCTCCTGGAAATTTAGTAGAAATGCAGATTCTCAGGCCCTAGGCCAGACCTACTGATCAGAAGCTCTGGGCCTGGGGCCCAGCAGTCTGTGTTTTCACAAGCCCTCTTGGTGATTCTTCTGTGCATGAAAGTTCGAGAATTCCTGGAGCTAGACTGATTCAAATCTTGCCTCTGTATCTTAGAGACCTTGGGCAGATTAGTCAACCTCTTTCTGCCTCTGTTTCTACTTCTGTCAGAGGATGATAGTACTTGTTTCATTAAGTTGTTGAAAGGATAAATGAATTGACACACATAAAGAGTATTAGCTTTTATTATCAAAAGCTTTTTTTTTGAGACAGAGTTTTGCTCTTATTGCCCAGGGGAGTGCAGTGGTGCGATCTTGGCTCACCGCAACCTCCACCTCCCAGGTTCAAGTAATTCTCCTGCCTCAGCCTCCCGAGTAGCTGGGATTACAGGCATGCGCCACCACGCCCGGCTAATTTTGTATTTTTAGTAGAGATGGGGTTTCTCCATGTTGGTGAGGCTGGTCTCGAACTCCCAACCTCAGGTGATGCACCCGCCTTGGCCTCCCAAAGTGCTGGGATTACAGGCGTGAGCCACCGCGCCTGGCCCAAAAGCTTTAATTTCTTAATTTTTTAAATAAAATAAATAAAACTAGAATTGCTTGTTTTCTTCCAGCTACCCTGGTGATTGTATTGAGCATTTTCTGGGGTGTGTGTTCTTTGCTGTAATGACTACTGGTCTGGATGACCTGTGATGAGACCAGATGGGCAGGGGCAGTGGAGGAGATTCTAGAGATATTTAGGAGATAAGTCAGCTGTACTTGATGAAAAGAGTGGGGAGTTAAGGCTGGCTGCAGATGTATGATTTGGCATAGAGAGGTGCCAGTTCCTGAGATGAGAGACAGAAGGGGAGGGACAGGTTGTGAGGATGAATGAACAATGATATGTTCATTCTGGGCTTGGAGTTAAGGGGCCTATGATATGCTTAGGGGAAGCAGAGAGTATCAATTACCTATTGCTGCATAACAGCCACCCCAAACTTAGTGGCTTAAAATAGTAACCTTTTAATTTACTCATGATCATGATTCTGTGGTGCAACAACTGGGCTGGGTTCAGCTGGGCAGTTCTTCTGTTAGTTTCACCCAGGGTCATTCATGCATCTGCAGTTTGGGGTGGGATGGCCTCAGATGACCTCATTCACGTGTTTGGCAGTTGGTGATTCACTGGGGGCCATTACTGTAACAATCGCCTACCAGGCAGAGCTTCCCTAAGGCTTCCAAACTAGGAGACTATCCTGGGTCCTGTGCTGTGGATACCACTCAGTCCCCCATCCCCACCCCATATTCCTCAAAGGCAGAGAGAGGGGCTACTAGAAGACAGAGGAGTTTTCCCAGTGACATGTAAACACTCCAAACCCTGGCACCTTCCACACTGCAGCTTTGGTCTGCCCCTTTGGGAAATCTCTGTTTTTCTTCCCAGGCTGCTGGAGGGGTGAGAGTCGCCGGTAGAGTAGAGGCTGTGGGCGAGGAGGTGGCGGCCTCCTGAGGCTGCAGTGGTCTTTCCAGGCAGCAGTGGGAGCACAGGGTGGAGGTCAACCCTAGAGCCTGGGAGAGTGAAGCTGGGTGTGACTTCAGAGCTGTTGGTGCTGAAGTTTCTGCAGGCCAGAAGGAGGGGCAAGAGTGGGAGGGGGCGCAGATCCAGAATCACGGAGGCAGCTGACCGGAGGAGGCAGCTGCCCAAGGGGATGGACTCAGAAGGCCAAAGTGCTGTTATCCAAACGAACTCTTTGCAAGTGGTCTCTTTGCAACAGGCCTGGGGGAGAGCAGTCTTGCCTAAAGTCACACCGCTAATCAGCGGCCGGCACGGGGTAACAGTTACTAACACTCACTACGTACCCAATGCTGGGCGAAGTGACTTGCATGAGCCAGCGAGCTCAATGCTCATGGCAATCCTCTGAGCAGCTGGCATTGTTTCATCTCAATTTTACAGCTCAGGAAGCTGGGACACAGAGGAAGAGCCAGGCTCTGAACACTGACAACCTGATTGAGAGACCCACACTGTTCATCACCGTTACGCTATATATGCTGTATAGAAAGGCAGGATGGCATAATGGTTAAACCTAGGTAGGTAGGGTTTGAATCCTCCTGCTACCATTTACTAGCTCTGTGACTTGGACTAGTTATAGCACCTCTCTGTGCCTCCCTTTCCCCATCTCTAAAATGGGGATAATAAATCGTACCTCCTACCTGAGGCTGTTGTGGGCTAAGTCTGTAAGGCACGTAGAACAGTGCCTGGAACGTGGGGTACTGTCTATCTGTGTGCCTGCTGTTACAACAATGGTGAGTATTGCCTTATCTCTCGCTGCTGAACTACCAGGTTAGACTTCTTTCTGCAAGTCATGAGGCTTTCATAAACTTTTCCTGAAGGCTTTCCGTAGAATGTACAATTCCCCTCTGGGTCCAGGCATGGGCGCCCGGGTAGCACATCCACTTCTTATCACCCCTGAACACCTTAGAGCCCATCAGCTTATCAAACCAGCAGCTGATGTGAGTGCAGAGCAGACTGTGAGAGGTGGAGGCTGATACCAGTGAGGATGCTCCAAGCTGGGACCCAGCCCTGAAGCGGGAGCCCAGATAATGGATGGGTGGAAATGGGCCTGGAGCCCAGGAGAAGTGGGAGGATGAGGGGGCAGGGGGAGGAGAAGCCTGAAATCAAATGTTATTTCCTGACCAGTTTGGGGTGCATGAGCTCTGTCAACAGCTCATGGAAACTGCTGCCCTAATTTCATCTTGTTGGCTGAGGCACAATTCCTCTCTCAGGGACAGTGTAGAGCCTTGGGGAGGAAGGCCCTGAGCGCGTATACCTGGAATCAGGGAATCGGGATCAGGGGCAGCAGCTGTGCCCAATAAAGCCCCCACCCAGGATCCTCTGACTTCCTCATCTCTTTTTTTTTTTTTTTGAGCTGCAGTCTCACTCTGTCATCCAGGCTGGAGTACAGTGGTGCGATCTCGGCTCACTGCAACCTCAGCCTTCTGGGTTCAAGCGATTCTCCTGCCTCAGCCTCCTGAGTAGCTGGGATTACAGGCATGCGCCACCATGCCAGGCTAATTTTTGTATTTTTAGTAGAGACGGGGTTTCACCATGTTGGCCAGGCTGGTCTCAAACTCCTGACTTCAAGTGATCTGCCCACCTCAGCCTCCCAAAGTGCTAGGATTACAGACATAAGCCACTGTGCCTGGCCTTTTTTTTTTTTTTTTTTTTGTAAACAGGGTCTCCCTCTGTCACCCAGGCTGCTGGAGTGTAGTGGTGTGACCGCAGCTCACTGCAGCCTTAACCTTCTAGGCACAAGCCATCCTCCTACCTCACCCTCCTGAGTAGCTGGGACTACAGGCACTCGCCACCACGCCCAAGTAATTTTGTATTTTTTGTAGAGACAAGGTCTTGCTATGTTGCCTAGGCTGGTCTTGAACTCCTCAGCTCAAGCAATCCTCCCTCCTTGGCCTCCCAAAGTGCTGGGATTGTGCTGGGATTACAGGTGTGAGCCACCATACCTGGTCTGACTTCCTAATCTTTAGGGCCCCAACTCTGCCCTTATCCAGGCAACTCTCCTCTCCCCATCTTCCACTAACTTCTTTGGAATATTCCAGAGCTGTAAAAGCCTTAGAGAGTATCAAGTCCAACTCCTATGTGTTACAGACAGGGAAACTGAGGCCTAAAGAGGGTAATGGACTTGCCTAAGATCACTTAGTGAGGTGAGAGAAGAAAGAGCTAGAGACAGCCTAGCCTGTGCAAGGACATAGTTCCAGGCATTCAGAGCTGGGCTCTGCTGCCGGCATGTTTGGGGCCTGGTAGTTAGTTCACTGCTGAACTACCAGGTTAGATTTTCTTTCTCCAAGTTGTGGAGCTTTCATAAACTTTTCCTGAAGGTCTTCCTTACAATGTACAATTCTCCTCTGGGCCCGGTCATGAGCGCCCCTCACAGGCTCTCTCTGGTCCCCTTCTGTAAAATGAGAGGAAAATGGAAGAATTGCTCTACTCATGGAATCTTCAATAAGTCTGGGCCCTATGCATATAGCATTGCTACAAAATGGCAGATGCACTTTAACAATCGTGTTTAATAAAAGGTTGGATTTGCATATCTGAAGTGGGGCATGCAGTCTCCAACTGAACACAAGCCTCACTGCTCCCGCATGTGCACTGCACCTTCATATACATATTTCCTGCTTGGCTCCTGAGGGAATTTGAGTAATCCCAAGAGGAACCCCTGTAGAAAATGTCCCCTGGCCACACACCCCCATTCCTAAGGATGCAAGCAGGAGATAGAAACATTCCCTGCACCTCCCTCCTTGTTGTCAGAAGAAGTGCAAAGAGTTGAATCCTTCCTAATGCCCACTTCTCACCCACGCCCCAAATCCCCAGGTCCCATGGAGGTCCTTGGGGGCCTCCTATATCCTGGTGGTGTCAGGTTGATTTGGAAATGTCAGTGTCCTCCCTTGTCCTCTCTGGCAGACCCTGGGTATGTGTATGTTTCAATGGAAGTGAATTTAAATGTACTTTATAAATCAAAGACTTTTTCTGAGACTTTGGAGAGTTCCAGTAATGAGAGCTTCTCATTGTTATCAAGGCCAGGGCTGGAGACCAGTGGCAGGTGAGTTCCTATTGCTGTGATTGTCATGATGATGTTGATGAACAGTCACTATTTATTGAGCGTTCTCCATGTGCCAGTCACTGTACTAAACATTATTTCCTTTGGATTTCCCAGAAACCTCTCAGGTGGGTCTAATTACCCTTATTCAGCTGATAAGGAAAGTAAGCAACTTACAAGACCACAGGGCTATGAAGTGGAAACACATAAATTGATATTTCATTTTATTTATTTATTTATTTTGAGACAGAGTCTCACTGTGTCGCCCAGGCTGGAGTGCAGTGGTGCGGTCTCAGCTCACTGCAACCTCTGCCTCCCGGGTTCAAGCGATTCTCCTGCCTGCCTCCCGAGTAGCTGGGATTACAGGTGCCCACCACCACATCCAGCTAATTTTTTTGTAATTTTAGTAGAGACGGGGTTTCACCATGTTGGCCAGGCTAGTCTCGAACTGCTGACTTCATGATCTGCCCACCTCATCCTCCTAAATTGGTATCTTTATATGTCCAAAAGAGTCAACTGGTGGCAATTTAGTGAGGTTTAATCTAATAGGAAATGATAGAGCTGGGATCGAACAGAGCCATGTGAACTCAAAACCTATGCTTCCCCTTCCACCTTTTTGAAAAACATTGTCTAGGCTGGGCACGATGGCTCATGCCTGTAATCCCAGCACTTTGGGAGACGGAGGTGGGTGGATTACATGAGGTCAGGAGTTCGAGACCAGCTTGGCCAAAAATTAGCCAGGCGTGGTGGCGCGCGCCTGTGGTTCCCACTGAAGCACAGGAGGCTGAAGCACAAGAATCACTTGAACCCGGGAGGTGGAGGTTGCAGCGAGCCGAGATCGCACCACTGCACTCCAACCTGGGCAACAGAGAGACTCTGTCTCGAAAAAAAAAAATTGTCTACATGCTGGTTGCAGAAAATTTAAACACTAAAACTAAAAAAGTAAAACACCTCCCAAACTTAGAGACAATATTAATGACGGAAAAAAAATTCTTCAAGATCTCTCTCTCTCCAGTCATTTATTCATGTGCGAAAACAGTTGGTGATTATTGATAAAATAGCTTTTAGAGTTTGGAGCAATTATGTGCATTACATATACCATTTGATTCTGGCAACCTAATGAAGGAGTATGATCATTTCCCCTATTTAACAGACAAGAACAAGAAGAGGGAGGGCAGATGGTGTGGTAGTCTAAGGCACAGGCTCCAGCAGATTATCTAGGTGTAAATCTTGGCTGTAGGCCAGGCCCTGTGGCTCATGTCTGTAATCCCATCACTTTGGGAAACCGAGGTGGGCAGATCACTTGAGGTCAGGAGTTCGAGACCAGCTTGGCCAACATAGCGAAACCCCTTCTCTATTAAAAATACAAAAATTAGCCGGGCACGGTGGCAGGCACCTGTAATCCCAGCTACTTGGGAGGCTGAGGCAGGAGAATCACTTGAACCCAGGAGGCAGAGGTTGCAGTGAGCCAAGATCTTGCCACTGTACTCCAGCCTGGGTGACGAGTGAAACTCTATCTCGATATTAAAAAAAAAAATCTTAGCTCTACCCACCGGGGCAAGTTACGTAACGCCTCTGTGCCTTGGTTTTCATATCTGTAAAATGGTGACAGTAACAGCACCCACGTCAAAGTGTGGTTGTGAGAACGAAACAAGATAGTCTATGTAAAGTGATTAAAACAGCGTAGGCACATGGTAAACGCTTAGGAAATGTAGGCTGTTATAAAGCTCAGAGATGTTAAGTAACTAGATCAAGATCACACAGTTAGAGGGTGCCAGAGTCCTGATTTGAACCCAAGTTTGTCTCGTTCTGGAGCTCAAGCTGCTAACCCTTTTTCAAAACTGGAATTAAACCAAAGTGCTCACCCTCCGCTTTGCTGGGCCCCTCCCTGCCCTCAGGTGCGTCTCTTCCACTCACCTGCCACAGCAGCCTCTGCTCAGGGTCTGAGACCGGGAAAGGTGAGGGCTACCCAGGTGGCCCTGATGTTTTCTGCCAGCCAGCTCACCAGGTCCCTCGCAGCAGGCGGCAAAGGGAGGGAGGTTTGCTGTGAAGATTATGTGGTTCCCAACAACAAGAGCGCTGGGCCTATCTCTGCCCTCTCTTTTCTGTGTGTCCTGGGACAAGTCACTTGGCTTCTGTGGCTTCATTTTCTCATGTGCCCAGCCAGGGGGTTGGCCCTCATATGCAATAACAGCAGCAATGACCTTTACTGAGTGTCCATGTGCGTCAAGCACGTGTGCTTTACACTTGTTCTTATTATTAGGTTTAATAATAGAATAATTGCCACATTTACTGAGCACTCATTATGGGCCAGGCCCTGCCCTAAGTGCTTAATTAGCTTTAGCTCCTCTAATCCTTATCTTATCCCCACACGGCATGTTATGTTATCCCCATTATTCAGTTGAGAACATTGAGGCTCAAAGAGGCAAAGTAACTTGACCAAATACTTGTAAACGATCTTGCATGCCCCTTCCAGCTGCCATTTAGTAAGACTCTAATTTCATACCACCCTAAATCTCGTCTGCTTCCCCCTCGTCCTTCTCGCCATCTCCCCACCGAGCAGTTGGCCAAGATCTGACCGTGATGGCGGCCATTGGCTTGGGCTTCCTCACCTCGAGTTTCCGGAGACACAGCTGGAGCAGTGTGGCCTTCAACCTCTTCATGCTGGCGCTTGGTGTGCAGTGGGCAATCCTGCTGGACGGCTTCCTGAGCCAGTTCCCTTCTGGGAAGGTGGTCATCACACTGTTCAGGTATTGGGATGGTGGCTGGATCACTTCTGGGTCATAGAGGGAATGGACCCCGAAAGGACAGGTTCCAGAAGATCTGGGATATTGCCCCCTCTCTGTCTAGCACCAGTGCTGTGCAATATTTAGGACATCCTTATACTAAAAGATTATTCATTGTTTAAAATTCAAATTAACTGGGCATCCTGTATTTTACTGGACAGCCCTACTCCGTGTATCACAAGGAATCCAGGCCTACATTCCTCCTGCATCCTTTCTTTCCTGTTATTGTCGATTATGATTTTGTAAAGTTACATAATCAATATAAGTTTATGGAAAACGTAAGAAGGAAACACGTTAGACAGAGAGAAATAGACATGCCACACCTAGAGAGACATTCTATTTTTTTTTTTTTTTTTGAGACGGAGTTTCACTTTTGTTGCCCAGGCTGGAGTGCAATGGCGCTATCTCGGCACACCACAACCTCAGCCTTCTGGGTTCAAGCGATTCTCCTGCCTCAGCCGCCTGAGTAGCTGGGATTACAGGCATGTGCCACCGCGCCTGGCTGATTTTGTATTTTTAGTAGAGATAGGGTTTCTCCGTGTTGGTCAGGCTAGTCTCAAACTCCTGACCTCAGGTGATCCGCCCGCCTCGGCCTCCCAAAGTGCTGGGATTACAGACATGAGCCACCGCGTCCAGCCTGAGAGACATTCTCTTGAAAAGAAAGGACTTTCAGCCCCCTAATGCTGCTAGACAATAAATAGCCATGCCTTTATTTTCATTAAATTACCTGTGCTTTGTTTACATGCATTTGTGTGAAATGCTAAGAACCATCACAACTAATGTATGGTGCCAGAAGTCAGAATAGTTGTTACCTGGGCAGGAGGTGGATATTGATTAGGAAGGAACACAAAATAACCGCATGGGGTGCAGAAAATGTTCTCTATGTTCACCTGGGTGATGATTACACATCAAGCTATACACGTTTTAAAAGGGCATTGGCACTTAATAGGAGGAAGTAGGCTAAATTTTTTCCTGAAACATTGTTTTGTTTTGTTCAAACCTCTGAATCCCTGTGCTGCCCAGATGATGGTAAACGTCATCCTAGGCATCTTAGGGACCTCTCAAGGCCATTCCAGCCTCCCCTTCTAAGACCCTGCTAAACCTCTGGGCACTGCTGTTAAACATTTCTCTATGAGCCAGGAACTGTGCTGAGCACTCCACAAATATTATTTTGTTTAACTCTTCCGGGTAGGGATCTAACCTGGTATACAGGTAAGGAAGTGGAAGCTCAGAGAGGGCAAGGCACTTGCCTAGGGCCACACAGCTAAGTGGTGGAGATGGCTCCAACTTTTTATTATAACCTTTTCCACATGCTCCAGAGTGCTCAGAACATGAAACACAGTCTAGCCAGCTCCCGATTGGCCCTGGAGGGAAAAAACTTTATATATTTTTCTTTTTTAAAAGGTTTAGAGGCTGGGCATGGTGGTTCACACCTGTAATCCCAGTACTTTTGGGAACCGAGGTGGGCAGATCACTTGAGCCCAGAAGTTTAAGACCAGCCTGACTAACACAGTGAGATCCTGTCTCTGCAGAAAATAGAAAAATCAGCTAGGCGTGGTGGTGTGCACCCACAGTCCCAGCTACTTGGGAGGCTGAGGCAGGAGGATCACCTGAACCCAGTGAGGTTGAGGCTGAGTGAGCCATGATCGTGCCACTTCACTCCAGCCTGGACAACAGAGTGAGACCCTGTCTCAAAAAACAGTTTTAGGGGCCGGGCGCAGTGGTTCATGCCTGTAATCCCAGCACTTTGGGAGGCCAAGGCGGGGGGATCATGAGGTCAGGAGATCGAGACCATCCTGGCTAACTCGGAGAAACCCTGTCTCTACTAAAAATACAAAAAATTAGCCGGGCGTGGTGGTGGGCGCCTGTAGTCCCAGCCACTCGGGAGGCTGAGGCAGGAGAATGGCGTGAACCCGGGAGGCGGAGTTTGCAGTGAACCGAGATGGTGCCACTGCACTCCAGCCTGGGTGACAGAGCGAGACTCCGTCTCAAAAAAAAAAAACAAAAACAGTTTTAGGCCAGGCGCGGTGGTTCATGCCTGTAATCCTAGTACTTTAGGAGGCCTAGCAGGTGGATTACCTGAGGTCAGGAGTCCGAGACCAACCTGAGCAACATGGTGAAATCCTGTCTCTACTAAAAACACAAAAATTAGCTGGGTGTGGCGGCAGGCACCTGTAATCCCAGCTACTTGGGAGGCTGAGGCAGGCGAATCACTTGAACCCGGGAGGCGGAGGCTATAGTGAGCCGAGATCGCACCATTGCACTGTAGCCTGGGCGACAGAGTGAGGCTCTGTCTCAAAAACAAAACAAAACAAAAACAGTCTATGAGTTAATTCCCACCAGAATTCAATACACACACGCACACATGCACGCATACACACACTGTGTCCACCTGGGAAGTGACAAAGGGCACCCTGGGGGATTTCAAATGGTGGTGGCCCTGGTTTGGTGTTGCTGCCTTAGCTTAAGGTCACACCAGCCTTCAGCCTCCTGCCCCACAGTCTAGGGCTGCTCCCCTCATCTGATGTCCACAGGGACCTGTTTGTTCTTGACTCAATCTAGAAAGACGAGAAGGGAGAGAAGTCACTCGCAGCCTGAGTGAACTCCCCTGCCCCACCCCTGACTGCTTGGATCCCCCTAGGGGTGACCCCTGCTGAAACTGGCTCCTTCCTGACCGGTTCCCGTCAGGGCTGTGCTGATGGGTGGTGCCCAGGCCTGCCCCTGGGGACGGGGTACTCTCCCTTGGCAACACTCCAGCTTGTGCCACTTGACTTGGGACTGATTTGGTTCTGTTTTGAGTCCCTTCAGGGGAGGGGCCTATCTTATTCAACGTTGTTGTTTGTTTTCCTCACATACTGATAACTTAGCAAATGGCTATTGGAGCAAAAATGAAAATAAACGGAACTCTGAAGTGGGATGTTTTAAAATTTTATTTATTTTTTTAGAGACAGGGTCTTGCTCTGTTGCCCAGTCTGGAGTGCAGTGGTACAATCATAGCTCATTGCAGCCTGTGCCTCCTGGGCTCAAGTGATCCTCCCACCTCAGCCTCCTGAGTTAAATTTTTTTACAGGCGCCTGCTACCATGCCCTGCTAATTTTTGTATTTTTAGTAGACAAGGGGTTTCACCAGGTGGGTCAGGTTGGTCTGGAACTCCCGACCTCAAGTGATCCACCTGCCTAGGCCTCCCAAAGTACTGGGATTACAGGCGTGAGCCACTGTGTCCAGCCTAAAACTGTTTTTGAGACAGGGTCTCACTCTGTTGTCCAGGCTGGAGTGAAGTGGCATGTTCATGGCTCACTCAGCCTCAACCTCACTGGGTTCAGGTGATCCTCCTGCCTCAGCCTCCCAAGTAGCTGGGACTGTGGGTGCACACCACCACGCCTAGCTGATTTTTCTATTTTCTGCAGAGACAGGACCTCACTGTGTTGCTCAGGCTGGTCTCAAACTCCTGGGCTCAAGTGATCTGCCCACCTCGGCTCTGAAAAGTACTGGAATTACAGCCTCCTGAGTAGCTGAGACCACAGGCACACACCACCACACCTAGCTTTTTTTTTTTTTGCTTTTTGTAGAGATGGAGTCTCACTATGTTGCCCAGGCTGGTCTCAAACTCCAGGCCTTAAGCAATCCTCCCACCTCAGCCTCCCAAAGTGCGAAGATTACAGGTGTGAGCCACCATTCCTGGCCTTAAAAGTGTGATATTTTTAATGTATTTTGAAATCTGCAGGACTCTCCCTAGAAGATAATAGCAATAACCAACTCCTTTATTGTGCTTGACGTATATCAACTCACTTTGCCCTTACCGTGGCTCCAGAGGCATTGGGTCCACCTTATAAATGGAGGCACCAAGGCACAGAGTGATTAAATAAATTGCCCAGGATCACACAGCCAGAAAGTGTCTGAGTCAAGATTCCAGCCCAGGCAGCCTAGACCTGAGAGCACGCTCCTAACCACTGCACATCACTGTCTTAGCACCTCCTCAGCACAAACTGGCCCTTGAGGAATGAAATACCGCCGCCGGCACACACGCTCCTGAGTTAAGCCTTTGTCAATGAAATGAACACCCACTTAAAAGGAATAACCTGTCCAGGCACGATGGAACATTGAGTAACCCCTTATTCTAAATTCCTGGTCCCTGTAAGACTCCTTCCCCATGCCCTTGCCCTTTTCTGACCTTCCCCTAAAGTCCTTGAGGCTTAAGCGGGCATAGTCTGCAGCAAACACTGGGGAAGCTGAGTCCAGACTTCAGAGCACAGGCTTTGGATCTAGGCCAGCTGGATTTGAACCTCACATTTGTGATCAGCTGGCATGACTGTTTCCAAAAAGTCCATTTTAATCCTCTACGTGACCCTCTGTAAAATGGGATACTGAATGGTGAGCTAGCACGATTTTACAGAGAGTGAATTTTTTTTGTGTGTGTGTGAGGCAGTCTTACTCTGTTGCCCAGGCTGGAGTGCAGTGGTGCAGTCTCGGCCCACTGAAACCTCTGCCTCCCGGGTTCAAGCGACTGCCATGCCTCAGCCTCGAGAGTGGCTGGGATTACAAGCATGCACCACCATGCCCGGGTAATTTTTGTATTTTTAGTTGAGACAGAGTTTCACCATGTTGGCCAGGCCACTCTTGAACCCCTGGCCTCAAGTGATCCACCTGCCTTGGCCTCCCAAAGTGCTGGGAGTACAGGCATGAGCCACTGCACCCAGCCTTATAGGGTTAAAATTTAAAAGAGGTGATGCTGTTACAAGCCTGTTTTACAAAATGCTCTTATAATAAATCATTATCATCACTGTTGCTGTGGTTGTAGCATCATCATCATTAACTCCCAGAGGGAGGAGGGAGTCTCAGAGCAAGCTGCTCAGGGGAGACTGGATGTCCATGGATTGTCCAGCTCAGTACCACTTCCTCCAGGAAGTCCTCCCTGATAAGTCCAGTCAGCATCACCCTCTCCTTCCAATGAACCCCACTAGCCTTGTGATATCACAGATATTCTTAGTTGACAGGCTCATGGTGTAGCCTGTCTAGATCATAAGTACATTTTTTTTTTTTTTGGATCATAAGTATCTTCAAGACCAAAATAATTTTCTACTCCTGAGCATGCTCATTGGTCAAAGGAAGGAAGGAATCATAATAGCGTTAATAAGGCTAGCGTCTTTTCAGAAGTTGGTTCTTTGTGCCAGTCTTGGTGCTAGACACACCGATAGGAAGAATACTCCTTCACATCCCCAGGACACCAACATGGGATACGTTTGATCATCATTCTTAATTTGCAGAAGGAGAAATAGGCTCAGTGAGATGAAATAGCCACTCCAGTGGCAAGGCTGGGACTGGAAGCCGGGCTTGTCCTGATTCCAAATCCAGTTTCTTTCCACTGCCACGGAGACGGAGAGAAGGGACAGTGGCCCCAGATGGGGATGGGGTGACTGGATGTGGGCAGGCCTGCGGGGGAAGAGTGCCCTCTGTTGAGCATCCGAATGATGGCAGCAGAAAAGAAGACTGGGCAGAATCCCAGTTATCAGATCCCCTGAGGGAACAGTCACCCCGATCACCCTCAGTCAGATGAGTGTGTGTAGATCAATGCCTCATAGATGAAGGCACTGAGGCACAGAGTGGTTAAGTCATCTGCCAGACCACATGGCTCAGGGTGCAGAGGCCACCTTAACGGGAGAAGAGATGGTCACTCCACTCTGCAGCATCAGCGCCCAGGTGGGTAGAAATCTTGTCTTCTATTCCCACAGAAAGTAGGTGCCCAACAGTGTTTGTTGAAAGAATGAATGAATGAATGAATGAATGAATGAATGAGTGAGAGGCATCCTTCCTTCTCAGTCGTCCTGGCTCTCCCTCTCTCCCCCAGTATTCGGCTGGCCACCATGAGTGCTTTGTCGGTGCTGATCTCAGTGGATGCTGTCTTGGGGAAGGTCAACTTGGCGCAGTTGGTGGTGATGGTGCTGGTGGAGGTGACAGCTTTAGGCAACCTGAGGATGGTCATCAGTAATATCTTCAACGTGAGTCATGGTGCTGGGAGGAGGGACCTGGGAGAAAAGGGCCAAAAGCTCCATTTGGTGGGGTTTCCAGGGTTTTGAAAAATAAAGACAACCTGTAATCCCAGCTACTTGGGAGGTTGAGGAGGGAAGATCACTTGAGGCCAGGAGTTTGAGACCAGCCTGGGCATCATAGCAAGATCCTCATCTCTAAAAAGTAATTTTTTCTAAATTATCCAGTTGTGGTGGCATGCACCTGTAGTCTCAGTTACTCAGGAGGCTGAGGTGTGAGTTGGAAGGATTGTTTGAGCCCAGGAGTTAGGGACCGAGCTGGGCAACATAGCAAGACCTCATCTCTAAATAAATAGGTAGGTGGATAGACAGATAGATAGATAGACAGACAGACAGACAGACAGACAGGCTGGGTACAGTGGCTCACACCTGTAATCCCAGCACTTTGGGAGGCCAAGGAGGGCAGATCACCTGAGGTCAGGAGTTCAAGACCAGCCTGGTCAACATGGGGGAACCTCATCTCTACTAAAAATACAAAATTTAGCTGGGCATGGTGGCAGGCGCCTGTAATCCCAGCTACTCAGGAGGCTGAGGCAAGAGAATCGCTTGAACCCGAGAGGTGGAGGTTGCAGTGAACCGAGATCGCGCCATTGCACTGCAGCCTGGGGGACAAGAGCAAGACTTCATCTCAAATTTAAAATAAAGAAAAAAGAAAAGAAAAGATTGATAGATAGATAGATATCCAAATGAGTTTACAAAAATGTGGTCTGTGCAAATGTTTAAACACAACAAACCAATGCCTTTAACTACTACAGTATAATCCTGTAGGATTGTGCTATTCATGATATAATTATGGTTATATAAAAGTAATTAATTCTCAGAGCCTCACCAGCAGTGGGTCCAGCAAGTTTGTACAGCCAGCATCTTCTTTCAGTCAGTGCGTGTCAGTAACTGCATATGTCCTCTCATTGGGAGAGCCTGTCGAAAGTCTAAATTTGAAGGCAGCTGTGAAGGTAAGGCCAATCCAAATGGCTCTCCCAGATCCTCTGCTGTAACCCTGACCCTGAGTGAGGACATAGCCAACCTTCCCATCTCATAGGTGAGAAAGCTGATGCCTGGAGAGGGGAAGGGACTGCCCAAGATCACATAGCAAGATAGTGGCAGAACCCAAGCGAGAACCCACAGTTCCAGCCTGGCTTAGAAGAAAGTGCACTGGACTTGGAGTCAAAGGCTGGGGTTTGCATCCCAGCTCTGCCATAAATCCCTGTGTGACTCTGGGCAATTTAACCTCTTAGAGCTTTAGTTTCTTCATCTGTAATATGAGGGTAGCAGTACTACCACATAGGGTTTTGAGGGAGTAATTGAATTAATCACATGAGATGATGCATGTTTACAAAAAAAAGCATGAAGCCCCTTTACTGTGCCTCAGTGTCCCAAAGGACTTTGGATTTTACTCTGAGAAATACAGGGAGAACTAGGGAGTGTTGGGCAGAGGAGAGCCATGATCTGACTTATGTTTTAAGATACTCTGGCTTCTGGGTTCAGAAAAGACTGAAGGGGCAAGAGAGGAAGCAGGTGGAGACCAGAGCGGCAGTGATTGCCATCATCCAGACTCAGACTAGGACAATAGCTGTGAGAGTGATGGGAAGTGGTTGGATCCTGACTGTATTTTAATAGCAGAATTGACAGGATTTGCTGATAGACTGCACGTGGGGTGGGAGAGGGTCAAGATGACTTCAAGGTTCTCATCTGGCACAACTCAGCGGCTGCTGGTGCCATTTACTGAGATGGGGAATGTTGGGGTGGGATAGATCTGGGAGGGAAAACCCAGAGTTCAGTGTCGAATGTGGTAGCGTTAGGGTTAAGGTTGGGGGAGGGGGGGTAGAGATGTGTATGAAACATCCCAGTGGAGACACTGAATGGAGATGTACAAGTCTGAAGCTTAGTGGAAAGGTTAGGGCTAGGGATATAAATTTGGGAGTTGTTACAATACAGATGGTGTTTAAAGCCATGAGACCCAAGGAGATCACTCAGGAGTGAGGATAAAGAGAGATGGGAAGAAGTCTGAGGACTGAGTCCTAGAACACCCTGCATTTTAGAGGGGGGACATGTGTAAGAGCCAGCAAAGGAGACAGAATTGTGCTTGGAGAGGCAGGAGGAAGCCCAGGAGAGCGTGAGGTCCTGGAAGGCAAGGAAAGAGAGGGCCCCAGGTGGGCTGAATGCTGCTGAGAGGTCAAGTCGGATGAGGGCTGGGAAGTAGCCATTGGATTTGGCCAGGAGACCTTGGCATGCATGGTTGTAGAGGAGGATGAAGGCAACAGCCTGGCTTGACTGATTCAAGAGCAGGAGATGAGAAAGTGGAGACAGCATGCAGGGGCAGCTCTGCCAAGGACTTTGCTATAAAGGGGAACAGAGAAATGGAGGAGAAGCAGGAGGGCAATAATCCGATAGAGAGGAAAAATCTGATGATACAGAAGAGAGATGAACTGCAAGAGTCAAGCCTTTGAGTTGGAAAGCAGGAGTGGGATTTTGAGCACTGATACCTTTAGGCCGATGCAGGGACAGTTCATCTTTTTTTTTTTTTTATACAACATTTTATTTAAAAAAATTATTTTCATAGAATACATTTTCACATTAGAGATTCCCATTGTGCGGAAATAACAATTTATTACTTATAGTTTTATATTTGTGGACAGATTGTTTTAGAACAAGTAGAATACATTTGAGAATTAAATCTCAGTTTACAATGGATAATATTTTGATATGTCTCTGGGGAAACTTGCCCTTAAATGGAACTTCTGTATCTTCAGAAGCACTCCAAGCGTTTCTTCCTAGGATTTAGAAATTTATAATATGAGATAGCAGCATTTCCTAATTTTAAAATTTCCCTAGTATATGTAACCATCAGTAGGTGGTATCTACTGACTAGAGAGGGAAGTTTTTGAAAATTAAACACTGTCTAATTTTCTGCAAAGTTTTTATTCATGAATTAAGAGTATTTCCCTTTGTCCATTATTCCCAAGGCAAATATGGAAATTTGATCATGTACTAATCATAATAAAGCTGGATTCTCTTTAAGAGATTGAGAAATTAAAAGGCAAAAGCTGATATATCATGTTTAGTTATATTGTGAGTCTTATAAGAAGCTGGGAGGCAACCCCATTAACTCACCAGAATACAGAACTCAGTCTCACAACTTAGATATAATTCCTCTCAAACCTTTTCCTCAAAGATTAAATTCTGAAAATAATCTTGTGATTAAGAGAAGAAGGCTGTCCACCAATGGGCTTATCTGTTATTTCTTCCTTATTGTGAGCTTAATGGCATGACAAAGCAGAGGCAAAGAGGCATACATCAATTCTTCAAAGTAGGAAGTCAAAAAGGTCAGAGCTTCCACAGCATGGCAACAGCTTTGCAGATGCCCACATCGTGATAGTTGAAATAGCAAAGCCCAGCAAAGGTTAAAGCTGAAAATGCCAAAAGCCCTGCCTTGGCAGCTTTCTGCGAGGCATCCCCATGAACATAATCAGTAACAACTTGTCCAAGGCCCCAGTGACCATGAAGAGTGAGGGCTGCAGCCAGGGAATAGTCCGTCGCAGAGCAAGGATTCAAATAAGCAGCCGGAAGCAGACCCGGGAGCAAAACACTGACAACCCTCTCGCTAGTCCAGTGGAGAGATGCAGCCTTGGAGCCAGAATGGTGGCTCGGTGACAAGTGTATGTGCTGCACTCCACACCATTCTGGGATAGGTCGGTCCTGAAGAAATGCTGAGATATGAGCAGGTCTGACCACTGGAGTTCGCAGCAACAGAGCTCGGCCTCCTTGGGCACCGCAAACGGCACTCAGCCTCCAGGGAACCGCCATCTCGTTCCTGAGGCGGAGAGTTCATCTTAACGAGAGAAATGGCAGGGACTGTGAATAGGCCGGCAGATTTGGTGGCGGGTGCCACAGGTTCAGTCTCCTGCAGGGAGAGGAGAAAATGCCTTACTAATTCCTTGTATTTTCTCAGAGAAACAAGAGGCACCGTCATCAGCCTCATGTGAGGGTGGGAAGGAGGGATGGGGTTTGCGGAGAGGGAAAGTGTGGTATGGTCATCTGTGGGAGTGGAAGAGAGTGAGAGGGCTGCAGGGGTGCAGCGGGACTGCAGGCTGGCACCAGGGTCCCTAGGGCTTGTAGTTGGTGGAAAGTGCATCAGTGACCAGGGCTGTGTGCAGCTGCTCCAGGCAGGTGTGGAAGAAGCAGAGTTGAACTTGCCCAGCCTGGAGTGCTGCCCAGAGTGAGCCCAAAGCCCAGGGGAGACCAGAGATGGGGCTGTTTGCAAAGGAGGAAGTATAACAGTAGCCCACAAAATCTGAGCTGGTTAAGAAAGGAGAGAGAGTGAAAATGGGGAGCCCAGCCTGGCAGCCTGGGTACACATCTCAGCTCAACCCACACTAGCTGAATCCATTTGGGCCCCTTCGTTGACCTCTCTGTGCCTCAGTTTCCCTATCTATAGAATGGGGATAAGAATAAGGCTACTTCCTAGGGCTGTTGTGAGGATTGAACAAGTGACCGAACACTTGTTCAATTTTGAACACTGTTCTAAAGCATTTAGGACAGTGCCTGGCATGGGGTAAGTGTTGCGGCAGTGCTGTTATTTTCATCATCACCATTGTTCTCAGGCTGCGTTGATTGGAGCTGCTGAAGGGAGGCAATTTAAGGAAGTGAGCCGGACAGATAGGAGGTGGTGGTGGTTATCAGGTGCGATGCTTGAAACTGAGGCTTCGGAGGCAACAGTTACTGGTAATGACAAGGTCTAAGGCTTGACAGTGGGTGGCAGAAGTGTAACGCAGGGAAAGAGACGAGCGGTCAAGGAGCCGAGAGGGAAGGAGTTGGGTGGACTAAGATCATTTGTGGAAGAATGATGGAGAGAAAGGCTGAAGGGCAGGGGCTGACATCATCAGTGACCAAGAGGCGGCCGGGAGGCTGAGACCACAGCAAGAAAGGGAGAGTGTGATGGCATCTTCTTCAAGGGAGCTGGGGATGTTTGGGGTGGAAAAAAGAACAATGGTCTGGGAGGGAATATGGGAAATTTTTTTTTTTTTTTTTTTTTTTTTTTTTGAGATGGAGTTTCGCTGTTGTCATCCAGGCTGGATTGCAATGTTGCAATCTTGGCTCACTGCAACTTCTGCCTTCCAGGTTCAAGTGATTCTCCTGTCTCAGCTTCCCGAGTAGCTGAGATTACAGGCACACACCACCACGCCTGGCTTACTTTTGTATTTTTAGTAGAGACGGAGTTTTGCCATGTTGGCCAGGCTGGTCTCAAACTCCTGACCTCAGGTGATCCACCCGCCTTGGCCTCCCAAAGTGCTGGGATTAGAGGTGTGAGCCACCGCGCCCAGCCTGGAAGTTTGTATTTATTAATTTTTGGTTGTCTTCATCTGTGTATGTGACTTTAACCCCTAAATACTTCAGTGTACATTTCTTTTTTTTTTTTTCTTTGAGACAGAGTCTTGCTCCATCAATCACCCAGGCTGGAGTGCGGTGGTGTGATCTCGGCTCACTGCAACCTCCGCCTCCTGGATTCAAGCAATTCTTGTGCCTCACCCTCCCGAGTAGCTGGGATTAGGGGCATGCCACCATGCCCAGTTAATTTTTGTATTTTTAGTAGAGATGGAGTTTCACCATATTGGCCAGGCTGGTCTTGAGCTCCTGGCCTCAGTTGATCCACCTGTCTCAGCCTCCCAAATTGCTGAGATTACAGGCGTGGGCCACCATAACCGGCCTCAGTGTATATTTCTGATGCAGTTGGGTTCTGTATCCCCCTCCAATCTCATCTCGAATTGTAATCCCCACGTGTTGAGGGCATGACCTCGTGGGAGGTGATTGGATCACAGGGGTGGTTTCCCCCATGCTGTTCTTGTGACAGTGAGTGGGTTTTCAGGAGAGCTGATGGTTTGAAAGTGTGGCACTTCCTCTCTCTCTTTCTCTCTCTCTCTCACCTGACACCACGTAAGATGTGCCTTGCTTCCCTTTCACCTTCCACCATGATTGTAAGTTTCCTGAGGCCTCCCCGGCCATGCCAAACTGTGAGTCAATTCAGCCTCTTTTGTTTATAAATTACGCAGTCTCAGGAAGTATCTTTATAGCAGTGTGAAAACAGACTAACACAATTTCCTAAAACAAGGGGACATTCTCTTACATAACCTTTTTTCAGTTAACAAAAATGAGAAATTGACATTGATATATTATGATTACCTTATTCTCATTTCACCAATTTTCTCAATAATATCTTTTCTAGAAAAAAATATATATTTTTTGTGGTCGAGGATTACATCTTGCATTTAGTTCTCATGTCTTATTAAATTCCATCAATCTGGAGCAGTTTCTTCATCTTTCTTTATCTTTCATGACCTTGACATGTTTTGAAGTTTCGAGCCAGTTCTTTTGTAGAATGTGGGTTTGTCTGCTGTTCCTCATGATTAGATTGTGGGTATGCATTTTTGGTAGGAATTCTCCAAGAGCCGTGTGTGCCCTTCTTAGTATATCATATCAGAAGACATGCTATCAATTTGCCCCATTACTGGGTGTGTTAACTGTGATCATTGGGTTAAGATGGTACCTGCCAGGATCTTCCACTGCAAAGTTACTATTTTCCCCTTTGTAATTAATAAACATCTTGTGAGGAGATAATTTCCTATAGAAATCCTGTTGATCATCCAACTTTCACCCACTGATTTTAGTGTTCATTGATTCTTCCCTGAATAAATTAGTACTATAATAATTGCCAATGGTGGTTTTCTAATTCCATCTTTCCTTCAGTAGTTGGCATTCTTCTGTAAGGAAAAGCTTTCGCTTCTCTGTTCATCCACTCATCTATGTACTTATTTATATCACCATGGGCTCCTGGATTCCGGTTTACACACTTCCATTTTCTGCCTTTTCTCTCTGCTTAATATAAGGATTAATGAGAACTCCCTGATTCCCAGGAAGAAAATGTCAGCAGAGCTTTCTTAGGCGGAATGAAGAGAATTCAGTGTAAGAACCATAAAGGTGTATCTGTGTAGTATGGACAGTTTTAAAAAACAAACAAACACAAAGAACCTCCAAGGGCAGGAGGTGCTGCCAGACTCAGGAGGGCACTAGAACTGGCTATGAGAAGCCACTGAGATCCCAGGTAGTCTGTGCTCTCCATCTTTTGGCTCTTATTCTCTCCGTACATCTAACATCTCTGTACACCAGCTTTCTCTTTAGCGAAAAACGTGTCCCCTCCACCCACCCATCCACCTCCACTTGTTCCTGCATTTCTATGTCCCAGATCCTGCAGAAAACAACTCTTTTCTCTCAGTTAGTCTCAATTCTGTAGTCCAGGGAGAGAGAATCTGATCAGTCCCCTGGGTCATTTTTCCACTCTGGTCCAAGCAGCTACAGCTGGCATGGGAAATAGTTCACACAGTAAAAACATGGCTGTCAAGAAGAGGAGTAAATTTCAGAGGCAGAACACTCCCTGTGAGCCCGAACCTCTTCCTGCTTTGTTGCAGTCTTCATAACGATTGCTTTAAAAGACTGCATTGATATAACATCATCTCTCTTCTCTGCATCTTTGACTTGCTAGCTTAACTGGTCTAGAGGAGGGCTTAGCACTGATTTTGAGTATTCATTTTCCTCAAAACTTCAATTCAGCCTGGGTTTCTTCAGCAGGAGGGCCCGGGGGAACCAGAGCCAGGGACCAGAGTCATTTCAGTGCACCAGCTCAAGAAATGAATATTCCAGGCCAAGAATCCCCAAGTGTTCTTCCTGAACTCCTTCCTGGTGGAGTTCAAAGAGATGAAAAACACAAGCCCGCTTTTCAGTTCTTATCAGGAAACTGCATAGACTTTCCTCTTTATGTATGACTGAGGGCTTTTTACCATCATTTGTTCCCTTCACAAATATTTATTTGGTATTTACTATATACCAGGGACTCTTGTGGCAGTGGAAAATACAACTCTCATGGAACGTCTGTTCCAGAAGGAAAGACTGCCAATAAACAATAAAATAGGCAAAAGATATAGCATGTTAGAGAGTGGTAAGTACCACAGATAAAAATGAAATGGAGAAAAGAAACACGAAAAGTTGGGGAGAGAGGATAACTGTTTGAGAGGGTGGCCAGGGGCAGCTTCATCTTATCAAGAGGGTGATTTTTTGAGTACAGACCTGAAGGTAACGAGTGCACAAGCCATATGGGTACCTGAGAACAGCGGCAGAACAATGGCAGGGTGCTGGGAGGGCTGTTTACCAGCCACGCTGTTTAGAATTGTCAGCACATGGTGATAAAAAAAAAAAAAAAAAAAAAAAAACAGGCTGGGAGCAGTGGCTCATGCCTGTAATCCCAGCGCTTTGGGAGGCCAAGGCGGATGGATCACTTGAGGTCAGGAGTTCGAGACCAGGCTGGGGAACATGGTGAAACCCCGTCTCTACTAAAAATACAAAAATTAGCCGGGCACGGTGGTGGGTGCCTGTAATCCCAGCTACTTGGGAGGCTGAAGCAGGAGAATCGCTTGAACCCAACGGGTGGAGGTTGCAGTGAGCCAAGATGGCACCAGTGCACTCTAGCCTGGCGACAGAGTGAGACTCCGTCTCAAAAATAAATAAATAAATAAATACAAATAAAAAGCAGACAGACTTTTTAGTTGGCTTTAGAATTCTTAGACACCCTCTACAGACAAGGCACCCCGATTGCTTGCACCCAGGGTGGACTACTCCCTCCACCCTGCCCTTGTTACACCCTGGCTGGGGGTCAGCATTTCAGGCAGCTGAATGACCCAAAGTGGGAACACGCTAGTGGGTTTGAGGATGAGCAAGTGGAGGAGGGCAATAGGAGGTGACGCCCGAGAGGTCAGGTGAGAGTGGATCCTGCAGGGTCGTGGCAAGAACCTGGACCTTGACTTTGAGTGACATGGGAGCCGCTGGAGGCTTCTGAGCAGAGGAGTAACATGATCTGACTTGCATTTTATTTTATTTATTTATTTGACGCAGTGTCACTCTGTCGCTGAAGCTGGAGTGCAGTGGCGACATCTCAGCTCACTATAGCCTCCGCCTCCCAGGTTCCAGTGAATCTCCTGCATCAGCCTCCCAGGTAGATAGGATTACAAGCAAGCATCACCACGCCTGGCTAATTTTTGTATTTTTAGTAGAGACAGGGTTTTGCCATGTTGGCCAGGCTGGTATCGAACTCCTGACCTCAGGTGATCCACCCACCTCAGCCTCCCAAAGTGCTGGGATTACAGGCAAAATTAGAATATATCTAGAATTTCCTGAAGACCTTAGTTTGGTATTATAAGAAGTCTGGTTGCTTCATGTTGCAAAATTTATATCACTCATCACTCCCGCAGAGTTAAAATTCCGCTGAGAAGTAGGAATCAGTGAGGTGCGTGTCCATGTGGGTTTTTGCCACACCTAAGTGAACCTTGGTCAAAAGCATATAAGAGCTACTGATAGGCCGGGTGTGGTGGCTCATGCCTGTAATCTCAGCACTTTGGGAGGGAAGGATCTCTTGAGCCCAGGAGTTCAAGACCAGCCTGAGCAACATAGCAAGATTCCATCTTTACACAAAATTTAAAAATTGGCCAGGCATGGTTGTACATTCCTGTAATCCCAGCTACTCAGGAGGCTGAGGTGGGAGGATTGCTTGAGCCTGGGAGTTGGAGACTACAGTGAGCTGTGGCCACACCACTGCACTCCAGCTTGAGCAATGGAGCAAGACTCTGTCTCAAAAAAAAAAAAAAAAGGCCAGGCGCAGTGGCTCATGCCTGTAATCCCAGCACTTTGGGAGGCCGAGGCGGGTGGATCGCCTGAGGTCAGGAGTTTGAGACCAGCCTGGCAAACACGGTGAAACCCCATCTCTACTAAAAATACAAAATTAGCCCAGCGTAGTGGCGCATGCCTGTAATCCCAGCTACTAGGGAAGCTGAGGCAGGAGAATCGCGTGAACCTGGGAGGCAAATGTTCCAGTGAGCCGAGATCGTGCCATTGCACTCCAGCCTGGGCAGAGCCTGCTGGGTTGGGCTGGGTAAGCTCTGAACACCAGTCTCATGGCTTCAAGTCACACCTCCTAAGTGAAGCTCTGAACTTTCTCCAAGGACTATCAGGGCTTGCCCCGGGCAGAGGATGCCGACACTCACTGCTCTTACTGGGTTTTATTGCAGACAGACTACCACATGAACATGATGCACATCTACGTGTTCGCAGCCTATTTTGGGCTGTCTGTGGCCTGGTGCCTGCCAAAGCCTCTACCCGAGGGAACGGAGGATAAAGATCAGACAGCAACGATACCCAGTTTGTCTGCCATGCTGGGTAAGGACAAGGTGGGGTGAGTGGTCTCCTACTTGGGCTGAGCAGAATGGCTCAGAAAAGGCTCTGGCTGAAAAAATCTCCCTCCTTTACCAAGTTCCCCTGGGTGTCTGAAGCCCTTCCATCATGATTCATTTCTTTGAGTAGTGTTTGCTAAATTCATACCTTTGAATTAAGCACTTCACAGAGCAGGTTCAGGAGGCCTGGGGTATGCAGATTTCAACCCTCTTGGCCTTTGTTTCCTTGTCTGTAAAATGTGGTTAGCTGGTATCAGCTTGAGAGCTCGGAGGGGAGACGTGACTTCCCCATCTAACTCTAAGTGACAAGGCTGAGACTCTCCAGCCCTAGGATTCTCATCCAAAACCCCTCGAGGCTCAGACCTTTGGAGCAGGAGTGTGATTCTGGCCAACCACCCTCTCTGGCCCCCAGGCGCCCTCTTCTTGTGGATGTTCTGGCCAAGTTTCAACTCTGCTCTGCTGAGAAGTCCAATCGAAAGGAAGAATGCCGTGTTCAACACCTACTATGCTGTAGCAGTCAGCGTGGTGACAGCCATCTCAGGGTCATCCTTGGCTCACCCCCAAGGGAAGATCAGCAAGGTGAGCAGGGCGCTGCCCTTGGGCAGCACTTGGGTCTAACAGGACTAGCACACATATTTATGCCCCTCCCCACCCCAGGGCCAGCGTGGGTTGGGAGAGGGCATGCCGGGTGGTGGAGCTGTGCCTGCCTCTACAGTGGAGCTCTAGGTAGAATGCTGGGTGGTCACAGTGGGCCTGGGACTCAGGAGACTGTCCAGTGATCAAAGGCTTTCTGGGGGTAGTGATTAAATCCATCCATGCTAACATGAAACAGACCTCAGTTTGAACCCCATTTCTGCTAGTTGCTAAAGTCAGTCACCATGAGCGAGAGTCAGCAGCAACAGACTAGACTAGAATTAGCCAGCCTCTCTCTTCCCCCCAACAAATTTCAAGAATGGAACCATCAGAATCAGAAGTAGAGAAGTATGTGACACTAGCCATGTGGCTCTGGTCAAGCCACTTCAACGTTTTGAGTCTCAGTGGCCTCATCTGTAAAGTGGGAATTAAGAGATGGTGCATGTAAAGTGCTTAACGGGGAGTAAATGGTAGGCAAACATTAGCTGCTGCTATTAGTAAAGAGAGACGATGGTGTGTGTGAGTCTTGTGGGCAGAGATGGGTGAGAGGGGAGACAAAACAAGTTCTCATGATGATGGGGGAAGGGGCTCCAGCTGGTGGTGTCGGAGGGAAGTCTGGACAGACCAGTGGTGGGGCTCGGGTGGGAGGCACTGGGGGGGCTGGAGTGGAAAGAATGTGGCCACAGATGACAGCTTCACAGCAGAATTCAGTGCTAAGAGGAAGTGAGTGGCCATGAGTTCCATGGTGACAGAAAGTCTAAGACACCCAGCAAGGCAGGAGTGGGTGTCAACTCAGGGAAGCCCAGAGGCTAATCCTAGGTGAGAGCTGAGGGTGTCAGATAAGAGCAAGGCAAGGCTCCGGTTCTGGAGCAGTGAAGGACATAGCAGAGCTATGACCCAGGAACAAGGCCCAGCTTATTGAAACTGGGCCCAGTCACACAGGGTGGCACAGGCACCAAGTAGCCAATAATAATAATAAAAACAATAACAATGATTTGTGTCTACTGGGCATTTATTCATGTTCTATGCCAGACACTGGGCTAAGAGCTTTATATGTGGAAACTCATTTAATCCTTACAATAACCTTATGAAGAAGGTACATCCAAAACCCCATTCTTCTAGGCCAGGTGCAGTGGCTCACACCTGTAATCCCAATATTTTGGGAGGCTGAGGCAAGAGGATTGGTTGAGGCCAGGAGTTCAAGACCAGCCCAGGCAACATAGCAAGACCCTGTCTCTAAAAAATAAAACAAAAACCCATTCTTCCCGCTGCCCAGGGACACACCACTAATGAGTGTGATGGGTGCCTAGGATGCTGAGCACCTGGACTTCCCAGCTCATTCCCTAAATGCTGCACAATCAGGGTAACTGTGCCCTGAGCCTAAGAGGCAGTAGTGAGCTGGCCCATCATGTCCACTGATGAAGGACACGTAGCCCCAACACAGGGGAGAAGTGGTTTCAGGATCAGCAAAGCAGGGAGGATGTTACAGGGTTGCCTTGTTCCCAGCGTGCTGGTCACTTGCAGCAAGATGGTGTTCTCTCTCTACCTTGCTTCCTTTACCCACACGCTATTTCTTTGCAGACTTATGTGCACAGTGCGGTGTTGGCAGGAGGCGTGGCTGTGGGTACCTCGTGTCACCTGATCCCTTCTCCGTGGCTTGCCATGGTGCTGGGTCTTGTGGCTGGGCTGATCTCCGTCGGGGGAGCCAAGTACCTGCCGGTAAGAAACTAGACAACTAACCTCCTCTGCTTTGGCTGAAGGCCAGCAGGACGCTGGGACCTGATGGGCCACTGTGCAGTGCACAGCTGCATTAGGCAGGTGTCGGCGCATTCTCTTATTGGCTTCAACGCCTAGTGAGGGATCCATCCTGGCTCGGTGGCGCATTTGTTAAGATGCTCGGGAGCAGGTGGCAGAACCCATTTGAGCTTGCTTGGGCATTGGGGAGAATTTGTTATCAGGCTACTGGGGTGTCACAGAACTCAAGGACAGGGACTGGAGTGTTGTGGGGAGCCCCGAAGCCCCTGTTTTACTTCTTTCTTTGCTTTTCCTGAATATCTGCTTTATTCTTACTCTATAGACATGCTTCCTCCTCTTTCACCCCACATTGTGGGGTGTAGTCTTTTGCTTCAAGAAAGCAGCCTGGTGGATGGAATCTCTTGGCCCCAATCCCAAATTCTCTGGAGAAGGGGCTCTTTGGTTTAACTTGGATAATGTTGTCTTCAGCTGGGGGTGGGCACATCGTGCATATGTGGCTGCTGCCGGGGAACCACGTGGATGATGTGAGAGGAGCAGCACCCAGAAGAGGGAGTGCTGGGCTGATGGTCCAGGTCGTGTCCACTTCTGATTGTTTAATTCTTCTTCTAAGTGGATGGATCTTTCTCCAATACTCAGCAAATCCTGATCGTTCCAGAATACTTCATTATAGCCAATTGGTTATAATGTGCTTCTCTAAGAGAAATATTTAGGGACAACAAATCTTCATGGGTTTGAAGACTTGATGGAGGAAAAAGGAGTAGATTTTCGAAGGCTGGATTTGGATGAACAGGGGCTATTCAGGGAGTGCATTCCAACCTAAAATTAGGAAAAACTGGCTGGGCGCAGTGGCTCACGCGCTTTGGGAGGCCGAGGCGGGCAGATGGCCTGAGGTCAGGAGTTCAAGACCAGCCTGGCCAACATGGTGAAACCCATCTCTACTAAAAGTACAAAAATTAGCCAGGCATGGTGGCGGGCACCTGTCATCTTAGCGACTCAGGAGGCTGAGACACGAGAATCACTTGAACCTGGGAGACAGAGCTTGCAGTGAGCTGAAATCGTGCCATGGCACTCCAGCCTGGGCGACAGAACAAGACTCTGTCTTAAAAAAAAAAAAAGTGGTTTATATACAGAGTGGAATATTATTTAGCCATAAAAAGAATGAAATCCTGTCATTTGCAGCAACATGGATGGAACTGGAGGTAATTAAAAAATAAAATTAAATAAGGAAAAACGTATCAATACTTCGATTAACCAAAACCAGGGCAAATCTGATTTTCATCTTTGCAAGGGGAACAAATTTCTTTTATCTCCTCTGGCTTTGAAACCCTGAAATGAAAGGAGGAAGGGCAGAAAAAAGAACACATAGCAAGTTATCATCAGTCTCAGCGCCCATCGCATTCCCTGAGCTTGTTTCCTTGACTTCATCACTGGCAGGACTATTCAAAAATGATTCGCTCATTCATTCATATATTCATTCATTCATCATTCCTTCATTCAACACATACGTTTTAACACTCATCTTGCTTTTCAAGCTATAGTTTAGTGAGCGAAATGGATACACACAATACAGTGTGAGAACAGCAAGAGGGCACATCTGAGCTAGCCTGGGATGGGTCTGGAAATGCTTCCTGGAGCAGAGGAAACGGTTGACAGCCAAGTGTTGACAGAGAAGTAGTATTAGCCAGGCAGAGACATGGGGAATGTATTCCAGGCAGAAGGCACAGTGTGTATGAAAGCTTATTGTTAAGAAGAGTGTGTGGCCCAACCAGGAAACAGACATTCTAAAGGCATAGGGTCCACCCAGGAGCATGGTGGACCCAGATCCCTGAAAGATGGGAGGTGCTCAGGCACACTTCCTGGGCTAGTTGAGGAGTCTGGATATTTATTTATTTATTTATTTATTTATTTATTTATTTATTGAGACAGAGTCTCATTCTGTCACCCAGGCTGGAGTGCAGTGGTGCAATCTCAGCTCACTGCAACCTCCACCTCCTGGGTTCAAGTGATTCTCCTACCTCAGCCTCCTGAGTAGCTGGGATTACAGGTGCCCACCACCATGCCTGGCTAATTTTCGTGTGTGTATGTATTTTGTTGTTGTTGTTGTTGTTGTTGTTGTTGTTGTTGAGACGGTGTCTCGCTCTTTTGCCCAGGCTGGAGTGCAGTGGCGCCATCTCAGCTTACTGCAAGCTCCGCCTCCCGGGTTCACACCATTCTCCTGCCTCAGCCTCCTGAGTAGCTGGGTCTACAGGCGCCCACCACCACGCCCAGCTAATTTTTTGTGTTTTTAGTAGAGACGGGGTTTCACCATGTTGGCCCTGCTGGTCTTGAACTCCCGACTTCAGGTGATCCACCCATGTCGGCCTCCCAAAGTGCTGGGATTACAGGCATGAGCCACCGTGCCCAACCTGGATTTTTATTCTGAAGACTAATAGGGATTCTAAGGAAGGAACCAGCCTGATTGAATTTGCATATGTGTCCACATCTGCTGGCTCACGGCTGTGTGGGAGGCTGAGTGATGGGGAGGAAGGATTACTGAGTAGGGATCTGAAGGTGTGGCCTCATGCTTTCTTTCTAACCAGCTGTGTTGTCTTTGGGATGGTGCTTAAATTTGGGCTAGACCAGTGGGTCTTGGTCACCCCCCAGGGGACATCTTACAATGTCTGGAGGCGTTCTTGGTTGACACAGTGGGGTGAGGGCTGCTACTGGCAGCTCGTGGGGAGAGACCAGGGATGCTGCTTAACATCCTACAGTACACAGGGCAGCCCCCACCACAAGGAATTATCAGCTGAAATTGTGAACAGTGTCTACACTAGACCCTTGCTACTCATAGTGTGGTCCGTAGACCAGCAGCATTGGCATCACCTGGGACCTTGTTAGAAATGCTGTTAGACCCCACCCCACATCCACTAAAGCCAGCTCTTCATTTCAACAAACTCCCCGATGATGTGAGTGCACATTCAAGTCTGAGAAGGGCTTCTTTGAGGTGAGCCTTAGTGCCCATCCCCCTTTGGTGGCCCCGGATACCAAGGGTGTGTGAAAGGGGTGGGTAGGGAATATGGGTCTCACCTGCCAATCTGCTTATAATAACACTTGTCCACAGGGGTGTTGTAACCGAGTGCTGGGGATTCCCCACAGCTCCATCATGGGCTACAACTTCAGCTTGCTGGGTCTGCTTGGAGAGATCATCTACATTGTGCTGCTGGTGCTTGATACCGTCGGAGCCGGCAATGGCATGTGGGTCACTGGGCTTACCCCCCATCCCCTTAACACTCCCCTCCAACTCAGGAAGAAATGTGTGCAGAGTCCTTAGCTGGGGCGTGTGCACTCGGGGCCAGGTGCTCAGTAGGCTTCGGTGAATATTTGTTGGCTGATTTATTCAGAAATTCTGTCCAGCCCCTACCTTGGATGGATTTATCACCTCTCCAGGCCACCTCTTCTTTCCAAATAGGGCCACCTAGGTATAGACCAAAGACACGAAATCTTTTGTGATCCCACAAACACAGAGCAGGTCAAATAGGCCCAAGCCAATTGAGACTGTGGTTCAGGTCGTGATGCAGAGCTTTGCTGTGGACGTGCTCCCACTGCGTACTAGCTGGGCATGTGGCTTAACCTTTCTCAGCCTCAGTCGCCCCATTGTAAATGGAGATAATGATACTATCTCCCCTCACAGGACTGTTGGGATGCTACTGGATTTAATAAGCTAATGCAGGGACATGCTAAGCACAACCCATCCCTGAGGCCCAGAGAGGGGTGGGCCTTGGCTGAGGTCTCACTGCGAGGTGGGAATGTGGGCCTCCAGACCAGAGGTAGGTCCTGTGGCCCCTAGACAGTGGACAGCAATGGTCAGTTTGACACACCAGAGCCCTAGCCATTACTTCCTGGATGTTGTGTGAATATTTTCTGGACATGGCTTATATAAAATGAAAAAGTGAATTGGGCACGATACAGGGATAGATTTTTAGAGATGAACTGGTAGCATGATGATAATCATATTCACTGATAACATTTACTACTGTTATTGACTGCTTTAAAAGTGTTGGGCATTGTGCTAGAAACCATTATATGCATTATCTCCTTGAATTCTCACAACCGCCTACTGAGGTATTCTCAGACTCTAAGAAATGAGATTTAAGAGAAGTTATCTGCCCAAGGTCACTCGGCTGGAACCTGGCTGTAAAAATGGCTGAAGCAGGTGATGAGGAGCTGATGCGTTTGGACGTGTCTCAGAGAAATCATGGAGGCGCTGCGGTTCCTACCGGTTCTTGGATGCCTTCTACAGAGACAACCATAGCCCCAAATTATAGGGATCACATATCAGTGGGTGAGACATCCTTGCTTGGGATGAGGAGGGGATGAGCTGTGTGAAGCAAGGCGCCTCTGTGATGGGTTCCAGTGATGTGTCTGCCACTGTCTTAATAACTGTGCAATTCTAAGCAGAACCTTTCCTGTCTCTGGGCCTGAGAGTTCCCCTCTGAAAGATGAGGACTTGACCTAGCAAGGTCCTACTCACATGCCTGTAGAGAACAGGCAGGGGAAGTTAGAAAAAAAAAAAAGCCAGTGAAGGAAGGGAGCTCTTCAGCTTGCACCCATCATCACAGTGCAGGGACCCAGGCTCAGTGTTGCCAGATCCAATGACTTCTCAAGAGCTCAAAATCTAGAGTTTTGCATGTGCTCTCCCAAGTACTGGCAGAAAATTCAAGATTGTTAGTAACACTGTGTGGCTAAATTCTGCTTGTGGGCTGCCTAGATTCCCAATTCTGTGATTCTGTGGTTCTCTGGAAGCATTGGTTCTCCACAGCACCTGCATCACTTGGAAACTTGTTAGAAATGCAAGCCCTACCTACGGCCCCACCCCAGACCTACCCAGTTAGAAATCTGGGGGTGGGACCTATCAGTCCATGTTTGAACAAGCCCCACAAGTGTTCTCTTGCAAGCTCAAGTTTTAGAACCACTGACCTATAGCCAAAAAAGAAAAAGCCAATCAGTGGTTTTCTGGTAAAGGATTAACTTAACAAACTGGCTTTCCAAGAAAATAAAGCCTTGATTGGTAGCACTTGCAATTTCTATGGTACAAACGCTTCCCGCATGACTGAGTTCAAGCTGTCAAGGAGACATCACTATACATGGACTTGGGAAGAGATGAGAACAATCAGCCCACTGAGCCTATGGGAACTGGCTCCAGCACATCCCTGCAAGTCAACTCTCATCAGGGTGAGTGAGTTGAGGACCAAGAAGCAGTTATCCTCTTGCCTTTGCAGGACCCAGGCAAAGGGAAGGGCATAGTGACAGTGATGATCTCTCTTCCGGAAGTCTTTGGTTTGCTGAGAGTAAAAGGCGTGGGCTTCACCAGTGGTGAAGCCAGTCATGCAGCCTTAGTCCTGGTACTGAAACTCTCTAAATCTCAGTTTTCTATCTGTAAAATGGGAAAATAAGACCTATGTCACAGGGTTGCTGTGCAGATTTAGCAACAGAACATAGCCCCGTTCTTTATGATGACTGATGCTGCATCCGTATGAGGACATCTCTATGTAATGGAAAGATGGAGAGAGGATTAAGCGCAAAGTCACAACACTTAATGGGAACTGTGGATTAGCTACTTGGTGGCATTGGGCAAGTCAGTTGACTTTGCATTAATTCCACAAACAATATTTCCCAATTTCCTATTCAGATGAGCATATGTGATTGAGTCAGATGCTGTGATCAGAACCAGGATGGAGCATTTCCCACAAACTGTGGGATTTTTAAGTAATGGGAAGGCACACTGAAATGGCACTGAATCATGCAGTTGCAGATACTCTTTTTCAATTCTCAGTCCTTTGATTACGTCAGGGAGAAAAGAAAGTCCCCACTTGGCCTGAGAATCTCTGCACCCTTCTAGCTCTTGTTAACCACTCTTTTGAATAGCAGAGAAAACCTCAGACTGCCATATCTGGGAGAGATTTTAGCAACATTTTGTTTTCATTGTATCTCTTTTTACAGCTACCTCCCATTTCCCTTCTATTTCAAGCTAGTAACTCAGTTTTCTTTTAAATTCAATTATTTAAATGTAAAAATAAGTCTATTTGGAGAAAAAAAATTTTAATAGCATCTCTGGAATGCCAGTATGGCTAAATTCATGAATGTTGTCCTCAAATGCTGAAATCTGGGAAGCATCTGGCCAAGCTTTGTGGACAGGCCTGCCTAGTTTGAATCCCAAGAGCCACCCAGTCCAAGCCACAAAACATTGGAATTCTTGGTTCACTTCCCTAACCTGAACTTGCCCTCTGTGAAATAGGGACACTAATAGCTCACTCACAGGGCTGCTGTGAGGACATGTGTTGAGCTGAGGGTCTCGCCAGGGGAGACCCTGTGCAGGGAGACTGTTATCATGGTGATGGATTTCTGCTTCATTCATTTCTTTTTCCAGACAGCATCATATAGAATGAGTTGTGGGGTGGCAGTCAGCAGGTTTGGGTTTATCCTCTATTCTGCCACTTATTACTTAAAAAAACCCCAAAAAACCCAACTTATATAGTATAAGCTATATCCAGAAAAGTGCAAATATCATACAAGTACCATTTGATGAATCTTCTGATATCCCCACATAACCAACACCCAGAACCTCTTCTTGTCTCATTCCAGGATAACCACTAACCTGACTTCTAACAGCATCAGTCAGTTTTGTCTGTTTTTGTACATTATATATGTGATGGTTTGAATGTGTCCCCCAAATTTCATGTGCTGGAAACTTAATCCTTCAATTCATATGTTGATGGTTTTTGGAGGAAGGGCCTTTGGGAAGTAATTAGGATTAGATAAGGTCATGGGGTGAGGTATGATGGCACTGGTGACTTATAAGAAGAGAAAGAGAAATCTGAGCTGGCATGCTCTTGCCCTCTCACTGTGTGATGACTTCTCCATGTCATGATGCAGCAAGAAGGCCCTCACCAGATGGTGGCACCATGCTTTTGGACTTCCCAGCCTCTAGAACTGTGAGCTAAATCAATTTATTTTCTTTATAATCACCCAGTTTGATATTTTGTCATAGCAACAGAATATGGACAAAGAAAGAAAATTAATGCAAGAAGTAGAGTTTTTACTGTAACAGATTCCTGAAAATGTGGAAGTGGCTTTGGAACTGGGTGATGGGAATAGGTTGGAAGAGTTTTGAGGAGCAGGCTAGAAAAAGCCTGTATTGTCAAGAATGGAGCATTATGCCAGGCACGGTGTCTCAGGCTTATAATCCCAGCACTTTGGGAGGCCAAAGCAGGTGGATCACCTGAGGTCAGGAGTTCGAGACCAGCCTAGCTAACATGGTGAAACGCTGTTTCTACCAAAAATACAAAAAATTAGCTGGGCGTGGTGGCGCACACCTGTAATCTCAGCTACTCAGGAGGCTGAAGCAGGAGAATCACTTGAACCCAGGAGGCAGAGGTTGCAGTGAGCTGAGATCGTGCTATTGCACTCCAGCTTGGGCAACAAGAGCAAAACTCCATCTCAAAAAAAAAAAAAAAGAAAGAAAAAGAATGGAGCATTAAAGACAGTTCTGCAGTTCTGGTGAGGGCTTAAAGGAAGACCCCAGAACTAGGGAAAGTCTGGAACTTCTTAATGGTTACTGAAGTCGTTGAGATCAGAGTGCTGATAGAAATATGGCTGGTAAAGGCCATTCTGATGAGGTCTCAGATAGAACTGAAGAACCACGTGTTGGAAACTGGAGCAAAGGTCATCCTTTTTATAAAGAAGCAAAGATCTTAGCTGAACTTTTTCTGTGCCAGAGTCATTTATGGAAGGCAGAAAATCTGTAGGTCAGCCATGTTGTAGGGAATGAAAGAACATTTTCAGCTGAGAACACTGAGAGTGTGACACAACTACCGACTGATAAGAAAACTAGTACACATAAATTAGCCAGGCGTGGTGGTGGGCGCCTGTATTCCCAGCTACCTGGGAGGCTGAGGCAGGAGAATGGCATGAACCCGGGAGGCAGAGCTTGCAGTGAGCCAAGATCGCGCCACTGCACTCCAGCCTGGGCGACAGAGCAAAACTCCGTCTCAAAAAGAAAAAAAAAAGGAAGAAAGAAAATTAGTACACATAGAACAAAGCCAGAGGCTGTTCATCAGGACAAGGGAGAAAAACTCCAAAGCCATTTCAGAGATCTTCAAGACTGCCCCTCCCATTACTGGCCCAGAGCTCTAAGAGGGCAGAATGGTTTGGAATGACCAGCTGCTGCCCAGGGCTGCCTTGGGTCTCTGCTCCCCACATTTCTGGTGCAGCATTCCTCAGCCATCCCAGCTGTGGTTCAGGTGGCCACAGGTGTGATGTGGAAGGTAAAAGTCATAAACCTTGGCAGCATACACATGGCACTAATTTTGCAGGTGTGCAGAATGCAAAAGCTGAGGGGGCATGCCTTCTTCCACCTACATTTCAAAGGGTGCTGTGAACAGCCACCCCAGAGAGCCCCTAGTAGAGCAGGGTCTAGTGGAGCTACAAGGGTGGGGCCACCGCCAAGACCCCAGAATGGTAGAGCTATCATAGTGCAATGCCAGCTTGGGAGAACTGCAGGCATGAGACTCCAACCTGTGCGAAGTGCAACATGGGCAGAACCCAGCAAAACCACAGGGGCAGAGCTCCCCGAAGCTTCGGGGGTCCAAATTCCATAGTGTGTCCAGGAGGTGGCACACAGAGTAAAAGATCATTCTGAAGGTTTAAGGTTTAATGTTGTTTTCTATGTTGGGTTTTGTACTTTCCTGGAACCAGTTACCCTTTTTCCCTTGCCTCTTTTTCCTTTTAGAATGGGAATGTCTGTCCTATGCCTGTTCCACTGTTGTATTTTGGAAGTCAATAACTTGTTTTGACTTTACAGGCTTACAGCCAGAGGGAATCTCCCATAGAATGAATTGTACCTTAAGTCTCACCCACATCTGATTTAGATGAGACCATGGACTTTGGAATTTTGAGTTGGTGCTGGAACAAGTTAAGACTTTGGGGGTTGTCTAAGTGTGGTGTTTCATGCCTGTAATCCCAGTGATTTGGGAGGTTGAGGTGGGAGGATTGCTTGAGCCCAGGAGCTCAAGACCAGCCTGGGCAACATAGTGAGACCTGTCTCTACAAAAAATAAAAATAAAAAAATTAGCCAGGTATTGTGGCATATACCTGTAATTCTAGCTACTCAGGAGGCTGAGGTGAGAGGATCACTTGAGCCCAGGAGTTTGAGGCTGCAGTGAGCTATGGTCGTGCCACTGCATTCCAGCCAGGGCAACAGAGTGAGACTCTGTCTCTACAAATAAAATTAAATAAACTTAGCTGGATATGGTGGCACACATCTGTAGTCCTAGCTACTCAGGAGGCTGAGACAGGAGGATTACTTGAGCCAAGGAGTTTGAGGCTGCAGTGAGCTATGATCATGCCACTGCATTCCAGCCTGGATGATAGAGCAAAATCCCATCTCTAAAAAAAAAAAAAAAAAAAAAAAAAAAAAAAAAAACTTTAGTGCTATTGGAATGAATTTTGCATGTAAGAAGGACATGCATTTTGGGGGCTGGGGCAGGATGCTGTGGTTTGAATGCATCCCTCAAATTTCATGTGTTGGAAACTTAATCTCCAAATTCATATGTTGATGAAATTGGAGGTGAAGCCTTTGGGAGGTAACTAGGATTAGATAAAGTCATCAGGGTGGGGCCCCTATGATGAGACTGGTGGCTTACAAGAGGAAGAGAGAACTGAGCTGACATGCTCTTGCCCTCTTGCCATGTGATACCCTCTGCCATGTAATGGCAGGCACAGCAAGAAGGTCCTCAACAGATGCCAGCAGCATGTTCTTGGACTTCCCAGCCTCCAGAACCATGAGCTATATATACTTATTTTACAAATTACCCATTCTGTGGTATTCTGTTATAGCAATAGAAAATGAACTGAGATAATATACATGGAATCATACAGTAAGTCTGTGCTTTTGTATGCTTCTTTTACTCAACATTGTAGTTGTGAGATTCATCCAGGTTGTTAAGCATTGCTGTACCCTTTTTCCACTGGGATATAGTGTTCTGTCATGCTTGGGTCTTAATTTATAAAGGTGACTGAGTGGCATTTTCTTCCAGTATTATTGGAAGGAAAGTTTTGTTGTTCACAGTTCCCCTGTAAACAAGAGGCAGAACACGTCATGCAGGGCCACACAAAACTGTATCATCCAGGGACCAGGCAGCAGAAAGAGAGGGGGAACTGGGACTATGCCTTTATGAAAAAGAGTGGTGGGAGAGTAACTGGGTGAGGGCATCCACTAATGGGCAGGAAGTGAAAACACATATGTTAGAATTTGTAGCTGAGGGGTTTATAATATGAGTTTCCTATGCCTGAGAAAGCTGACTTGCAAGAAAATGAGATAAACAACTTTGGCCATTAGTGTGGCCCTGTCATAAATGAATGCCAGATAGGCAAATAGAGAATCTAAGAAAAGATAGTTGGAACAAGTGTTCCATTGTGTGAATGCAGCAGAATTTATTTATCCATTATTGAGGAGGATTTGGGTAGTTTCCAGTTTGGAGCTATTATGAATATTCTAGTATTGCTCCTATGAACATTCTAGCACTTTTATTTTTGGAGCACACGAATGCACTTCTGTTGATTATATGCCTAGAAGTGAAATTGTTGAATTATACAGTATTCACACAGTCAGCTTTAGTGGCTACTGCTAAACAATTTTCTCTAGTAGTTTGCGCCAATCTAATCACCAGTAGTGTATAGAAGCTCCTTTTACTCCACATTTTGCCAACACTTGGTGTTTTCCTTCTTTTTGATTAGTCATTTAGCAATCAAACCTATTGTTTACATTTTGATATCTCCAATAACTAACTAAATGGAGCACTTTTAATATGCTTTTTGGACAGTTGAATATCTTTTCTTGTGAAATGTCTATTCAAGTTAGTTTGCCCATTTTCTATTGTGGTGTTCTGTCTTTTTCTTATTGATTTGTAGGAATTCCTTACGTATCCTGGATATGAATCCCACTTTGTGCGTTACCTTTTTCCTTCTTTCTTTCTTTTTGAAACAGAGTCTCCTTCTGTCACCCAGGCTGGAATGCAGTGGCGCTATCTCAGCCCACTACAACCTCTGCCTCCCAGCTTCAAGCAATTCTCATACTTCATCCTCCTGAGTAGCTTAGATTACAGGCGCATGCCACCATGCCCAGCTAACTTCTGTATAGACAAAATAATTTTTGGTAGAGACAGGGTTTTGCCATGTTGGACAGGCTGATCTTGGACTCCTGGCCTCAACTTTGGCCCACCTTGGCCTCCCAAAGTGCCAGGATTACAGGTGTGAGCCACCATGCCCAGCCCACCTTTTACTTTCTTAATGGTGTCTTTTGAACAAGAGAGGTTCTTAATTTTAATATAGCCCAATTTATCATTGTTCCCTTTATGTTTAGTTCTTTTATGTCCTTTTTAAGAATTTTTGCAGCCAGCGCGGTGGCTCACACCTGTAATCCCAGCACTTTGGGAGGCTGAGGCTGGCGGATCACAAGGTCAAGAGATCGAGATCATCCTGGCCAACATGGTGAAGCCCTGTGCCTACTAAAAATACAAAAAATTAGCTGGGCGTTGTGGCTCTTGCCTGTAGTCTCAGCTACTCGGGAGGCTGAGATCACGCCACTGCACTCCAGCCTGGTGACACAGCAAGACTCCATCTCAAAAAAAAATTTTTTTTGCAAGGTCATGCATATGTCCCCCTGATTTTTTTCCTAAAAATCACTTATTATTAGATCAATGAATTGAGTAATTGACTACATTTTTCAGTCATTCAACAAATATTTCCCTGAGGTTTTGATAACCTGAACTGTGTTTGGAGCTGGGGAGGAAGCAAACTATTGAAGATATACAAAGATGGCAAAGATGAGGGCCTGGAGCTTGCCACACGGAAGGGGGGATGGCTGCCTGAATGGTTGGGCAGGTAGTTGTTGACATCTGCACTCCCTACATGAGCAGCAGGGTGGCAACTCTTTTTATCTTTTTAATTTATTTTTCTTTTCTTTCTTTCTTTTTTTTTTTTTGAGATGGAGTCTCGCTGTGTTGCCCAGGCTGGAGTGCAGTGGCGTGATCTCAGCTCACTGCAAACTCCACCTCCCAGGTTCACGCCGTTCTCCTGCCTCAGCCTCCTGAGTAGCTGGGACTACAGGCGCCTGCCACCACTCCCGGCTAATGTTTTGTATTTTTAGTAGAGAAGGGGTTTCACTGTGTTAGCCAGGATGGTCTCCATCTCCTGACCTCATGATCTGCCCGCCTCGGCCTCCCAAAGTGTGGGGATTACAGGTGTGAGCCACCACACCCGGCCTTAATTTATTTTTCTAGTCTGCAGGTAATTCTTTTTAATTCTCTCCACTCTCCTATGATCTTATGAGGTAGGGACTGTCATTATTTCTCCCACTTTATAATGAACAATCAGTAAAGACAGGGAAGATAACCAAATGACATACAAGGTGGGGTCCACCCCATGAGGCTGCAGGCTTGGAGCTTTGCTTTGTCTTAAAAATGAGAACATGAGCTGCCCACCTGTTGAGACAAGAAACAGGAAAGGCTTAAAAAACTGGCTTGTTATGTACAACTATCCGTGGGGCTGCAGTGAACGGGCTGGCAGTGCCCAGGTGCAGGCTGAACCCTGGGACAATCACATTCAGCATCCAAGGGCCCCCGTAATAGCTTAATGTTTGAATTGAACCCCTGGGGTTGCCTTGAAGGAGAGAGGTCGTGGAAGTATGTTCAAGGGGTAGGGATGGGCAGGGGAGATGGGTCTGAAAGCCAAGCTCTACCCCACCCACCTTGCCCCAAGAGAAATAGAACCTTCATCTTTAATTGCCTAACGAGAAAACTGGGGCTGGCCAGATGTGGTGGCTCATGTCTGTAATCCCAGCACTTTGGGAGGCCGAGGCGGGCAGATCACTTGAGGTCAGGAGTTCGAGATCACCCTGGTCAACATGGTGAAACCCCGTCTCTATTAATAATACAAAAATTATCCAGGTATGGTGGCGCATGCCTGTAGTCCCAGCTACTTGAGGCACAAGAATCGCTTGAACCTGGGGGACAGAGGTTGCAGTGAGCCGACCACTGCACTCCAGTCTGGACGACAGAGTGAGACTCCATCTCACAAACAAAAACAGAAAAAAAAAAAAAAAAAAGAGAGAGAGAGAAAACTGGAGGCTCTGAGAGGTTGAGGGACTTGCCCAGGGTCTTGCAGCTAGTAAGTGACAGAGCTGGGACTTGAGCTTGGGTTTTCTGACTCCTGGTCTGGTTCATTATCCATGAGGTGCTGGGAACTAAAATAAGCCACAATCTTGGAATCTCCGTCGCCTCCCTCCCTCCCACATGTCTGCGTGGCTTTTTGGGAAAATGCCAGGGGAATGTACCAGCCAGGGAGAGGACCCTTGTTTTCCTCATGGCCCTTCCTGGCAATGGCACTACTGACACCGACAGTCCTTTTTGTCCCTGATGACCTCTGCTGCCTGATGCCCAAGTGACCACCTCTGCTTTGTCATTTCTAGGATTGGCTTCCAGGTCCTCCTCAGCATTGGGGAACTCAGCTTGGCCATCGTGATAGCTCTCATGTCTGGTCTCCTGACAGGTCAGTGTGAGGCCACCTTTCTTCCACCATTGCCAGGACACAGCACCCACGTCCAGAGCGCACCCTGCCGTGTGGCTGGATGTCTATGTGCCCCATCTCCTTCCCTGAGGATCACATAATTTCAGAATTGGAAAGGTTCTTAGAGGTCACCTGCTGCTAATGTGGACTGTGAGGCCAGGGCAGGGAAGGGACATCCCTGAGGTTATAAGTAGGGTGAGTGGCAACGTTGCAGACTTTTGAACCCAGGGCTGGTGATCACACTCAGTTTTGCACAGAAGCCCGAGAAAATCCTTACACCCAAAAGCCTACCTTTTATTTCTGAGGACACCCATAATACTATTTTATTCAACAGATATTTATTCAATATCCACTATGAGCCAGGCACTGGGGACACAGCAGTGAGCAAAACAAATTCCCTGACCCCATGGAATTGACCTTCTAGTGGGGGAAGGTATTAGCAATAAATAGACAAATAAGTGTCTACTACGCCAGATGGGAAGAAGTGGCTGTGAAGACAGAGCAAACTAGAGAAACATAGAGTCAATGTGGGATGGGGTGTTCTTTTAGGGGGGTGGTCAGGGAAAGCTTATCTGAGTAGTTAGCTTTTAAGCAGAGACCCCAATGAAGAGGAGGGAGATATGCGATGCATTTAGTTAGGGGAAGAACATTCCATGAAAATAGGATAGCAAGTGCAAAGGCCCTGAGACAGCAGCATGCTTTGTGTGTTGAGGGAACAGTAAGGAGACCAGTGTGGTTGGTGTGAATGGAGTGAGAAGGAGCAGCAGGGGTTGAGGGCAGAATGGTAGTGAGGAGCAGGCCCTTATAAAAGATGGGAAGCCACTGGAGATCTTTCAACAAAGGGGAAAAGTATGTTTCTGTTCTTGCAATAAAATAGAACAGCAAAAAATCTAGGGGAGTTGCTAATTAGCCAGTTTTACTTATATGCCAGGTGAAAATATGTGGCTAGGTGCAGTGGCTCATACCTGTAATTGCAGCAGTTTGGGAGACCGAAGTGGGCAGATCATCTGAGATCAGGATTCAAGACCAGCATGGCCAACATGGTGAAACCCCATCTCTACTAAAAATTAAAAAATAAGCCAGGCGTGGTGTTGGATCCCAGCTACTTGGGAGGCTGAGGCAGTAGAATTGCTTGAACCCGGGAGGCAGAGGTTGCAGTGAGCCGAGACTCTGTCTAAAAAAAAAGAAAAAAAGAAAATACACATTCAGGCCAGGTGCAGTGGCTCACGCCTGTAATCCCAGCACTTTGGGAGGCTGAGACAGGTAGATCACTTGAGGTCAGGAGTTCGAGACCAGCCTGACCAACATGGCAAAACCCTGTCTCTACCAGAAATACAAAAATTAGCCAGGCGTGGTGGCGTGTGCCTGTAGTCCCAGCTACTGGGGAGGCTGAAGTAGGGGAATGGCTTGACCCCAGGAGGTGGAGGTTATAGTGAGTCGAGGTTGCACCACTGCCCTCCAGCCTAGGTGACAGAGTGAGACTGTCTCAAAAAAAAAAGAAAGAAAATATACATTCCATCCAGAACTGTTCACCTTTATTCTACAAGCAAACATCTTTTATTGGTTAGACACCCATATATGTGTCCCTAAGCAGGAGGTGAATGCCAAATAAGAGACAAATGGCGTAAGACACTATGAGTTGTGTGACGTTGGGCATGTCACTTTACTCCCTCTGAGCCTTGGTTAGCTTCTCTGTAAAATGAAAGGATTATGGTAACTAAGCTGGCTTCCTTCCAGCTTTAACAAACTGTATGGAGGTACTTTTTGGAGTTACCTGGGTAATTTTTGAGTGTGAGATTGGCTAGAATTGCTTTAATATACCATGTCTGGCCTTAGCTTTTTGCAGAGTCTTTGTGAAGAAGCAGAGGCGGAGTAGCGTTAATTCCGTAAGTTAACGTTCAGTTCGTGGCAGCTGGCAATCCAACCCTGGGAAAGGCTGCCGGATTTAGCAAAAATGCAAGGTGTCTGTTTTTAAATTTGAAATGAATTGGGTATCCTGCATTTTATTTGGCAACCCTGTCCTGGGACTCACACTATTCACTGTTATCACTGGTATGTTCAAAGTGGTGCTGACTTGCCCTCTGTCTTGCAAAGTACCAGGAGGTCTTTTCTTATTCTTCACTGGAGTCAAAAAAGAGAATAGAGGAAAAGACAATCATATTGTTCCTTTAAGAGTTAAGACCAACAAGTTTTCTTCTTTACATGTTGTTTTTGACATGAGCAAACTGGTGATTAAAAACAACTTGGGTGGCTCATACTTGTAATCCCAGCACCTTGGGAAGCTGAGGTGGGAGAATAGCTTGAGGCCAGGAGTTCAAGCCAGGGCAACATAGTGAGACCCCATCTCTACAAAAGATACAAAAATTAGCCAGGCGTGGTGGTACACCTGTAGTCCCAGCTGCTCTGGAGGCTGAGATGGGAGGATCAGTTGAGCTTGGGAGGCAGAAGTTGCAGTGAGCTGAGATCATGCCACTGCACTCCAGCCTGGACAACAGAGCAAGACCCTGTCTCAAAAAAGGAAACAAAACAACTTGGACAATGGAAGGGGGAAAAAGTTCCTCAAGCAGCCAAAATTGCACCAAATGGACTCCCAGAAGACAAGCATTTAATTTGTTAATTGAGCCCTCTATGGGCCTGTCTGTATTTATTTAAGAAACAATCCTATCAAGCATAGTTATTGGGTTTCTCAGCCCAGGTAGATTAGAAATAGCAGATTAGAGGTGGGCTAGGTTTCTAGAGGTAAAGTACACCAGCAGAAGTTAGAAGTGAAAGCAAAGAGCCTAACAGAGGAAGAGAAATTCTTTTTTTTTTCTTTTTTTAGACGCAGTTTTGCTCTTGTTGCCCAGGCTGGAGTGCAATGGCGCTATCTCGGCTCACTACAACCTCAGCCTCCTGGGTTCAAGTGATTCTCCTGCCTCAGCCTCCCGAGTAGCTGGGATTACAGGCATGCACCACCACACCCGGCTAATTTTGTATTTTTAGTAGAGACAGGGTTTCTCCATGTTGGTCATGCTGGTCTCGAACTCCTGACCTCAGGTGATCCGCCCACCTTGGCCTCCCAAAGTGCTGGGATTACAGGGATAAGCCACTGCGACCGGCCGACAAATTCTTAAAACTGGACACAAGAACACAAAACGCTTGGGCTGCTGAGAGATTAGAACAACAACCCTCCACAGCTACACACCTTTTCCACGTTATATGGCACGTTATAAGTGGGTGTTCCTAGTGATGGTTCTGATTTTTTTTAAAAAAAGTCTAAATATGTTTAATGTTGTCTCAGAAGACAAAATATATTTTAGACAGATATTCCTCAGTGATGAGTAAGCCTCAGCTATCTGGAAAATTCATGCAGGCGCCAGAGATCGTTACTGAGTAATTCAAGCTAACTGCGTCATGCTGGTTGTACCCTGCATGCCAATATCAGCTAAAAGCAGCACCACGAAAGGGAAATACGAATCTCACTAAGCACTCGCCCATTCTTGTTAACGACACTGGAACTGATCATCCTTAATAATACACAGATAAATCTATCAGGAGCATTTCCTTGCTTCCTGTGAAAGGAAGCACTCATTCCATGTGTCCTGTGAAATTCATCCAACTTCAGGAAGCTGGAGGAATACATATGGCCAAGCTATCTGGGCAGAGAGTAGACAGGGAATGGAGGTTGGGCACAGTGGCTCACACCTGTAATCGCAGCCATTTAGAAGGCAAAGGCGGGCAGATCACTTGAGCTCAGGTGTTCAAGACCAGCCTGGGCAACATGGCTAAGTCCTGTCTCTGCAAAAAATACCAAAAACTGAGCTGGATATGGTAGCACACACCTGTGGTCCCAGCTACTTGGGAGGCTGAGGTGGGAGGGTTGCTTGACCCCGGGAGTTTGAGGCTGCAATGAGCTGTGATTGTGCCACTGCACTCCAGCCTGGATAACAGAATGAGACTCTGTCCCAAAAATAAAAAATAAAATCAAAGACACTTAAAAAGATGGGGAAAAGGAAGGACAGGCACTTAAGCAAGTTATAAGCTACTTTCCTAACTACACAAGTGGAATCTTAAGCTGAGGTTCCCAGGAGTTGACTGGAGCCAGAGAAGACAGACCTATAGGAGCACCCAATTGGAGTCACCCTCCATAGTAGCCCATATGTCTTACATGGATCAGCTTTCGTGGGGCCCTTTTACTCCATCTGGGGAAGGGCGTCAGATCTGTGGCTCTCATGTACTGCTCAGTACACTGCCATTCCCAGTTCTTTTTTTCAAAAAAAAAAAAAAAATGTCTACAGAATCGGCCAGGTGTGGTGGCTCATGCCTGTAATACTAGCACTTTGGAAGGCTGAGGTGGGTGGATCACCTGAGGTCGGGAGTTCGAGACCAGCCTGGCCAACATGGTGAAACTCCATCTCTACTAAAAAAAAAAAAAAAAAAAAAATTAGCTGGATGTGGTGGCAGGCGCCTATAATCTCAGCTACTTGGGAGGCTGAGGCAGGATAATCGCTTGAACCTGGGAGGCAGAGGCTGCAGTGAGCCGAGATCACGCCATTGTACTCCAGCCTGGGCGATAGAGTGAGACTCTGTCTCAAAATAAATAAAATAAAATAAAATAAAATAAAATAAAATAGGCTACAGAATTAAGCTGGTCCAGGAATGACAGGGCTTCCATTTATTTGTCTTTCAATTGTGGGAGAAAAAGGATTTCTGTTGAGATACTGTCGTTTTGACACACAATATTTCGATTAATCTTGAGATTAAAAATCCTGTGCTCCAAATCTTTTAACATTAAATTATGCATTTAAACAGGTTTGCTCCTAAATCTTAAAATATGGAAAGCACCTCATGAGGCTAAATATTTTGATGACCAAGTTTTCTGGAAGGTAAGATTTTTCACCTATTAACGTGATAGATTTTGAGTGCATGAACTTAAAAACATACCTGAGTATATATGTTGACTTGCTGTTTATGAGTAAAACAAAAACAAAAATGGAGTAAGGAGCATTGCAGGAGGAACTAGAGGAGAAACAAATCCATGATATGCATGTGTGTGGGGGAGGGTGGCGGGGAGGTGGTAAAGGTCACCATTTCCCTGATACCTCAAATTCATTCAGAGTCAGGGATGAGACAGCTTTCACTGGCCACACTTCCCCTCCCCCTATCTGCAGTCCTCAGCGTAGCCAAATAGTCTGACATGCGGGTGACAGAACCCCACAATGCAAAAGCTGGAAGAAACCTCAAGCCTTGGAGTCCAACCCCTTTTTTGACAGATGCTAAGAGTGGAGACATGACTTATCAAGATCTTACAACTGGCTGGGCACGGTGGCTCACGCCTGTGATCCCAGCACTTTGGGAGGCTGAGGTGGGGCGATCACCTGAGGCCAGGAGTTCGAGACCAGCCTGGCCAACGTGTCGAAACCCCATCTCTACTAAAAATACAAAAGTTAGCTGGGTGTGGTGGCACATGCCTGTAATCCCAGTTACTCAGGAGGCTGAGGCAGGAGAATCACTTGAACCTGGGAAGCGAAGTTTGCAGTGATCTGAGATCATGCCACTGCACTCCAGCCTGGGTGACAGAGCGAGACTTTGCCTCAAAAACAAAACAAAACAATTGTACATATTTAAAGTGTTGTAACCAAGTGAGTTACAGAGAAACACCACACTTTGAGCCTAATTCAGGAGTCCTTTATTAGCCGGCGACCTAGAGACGACTAGTGCTCAAAATTCTCTCGGCCCCAAAGAAGGGGCTAGATTTTCTTTTATACCTTGGTTTAGAAAGGGGAGCGGGAATTGAGCTGAAGCAATCTTACAGAAGTAAAACAGGCAAAAAAGTTAAAAAGACAAATGGTTACAGGAAAACAAACAGTTCCAGGTGCAGGAGCTTTAAAGCCATCACAAGGTGACAGGTGCGGGGGCTCTGGGTGCTATCTGCCGGACACAAACGCAGGGGCACTAGAGTACTATCACCCGGGCAAATTCCTGGGAACTGCGGACACAGCTTGCCACAGTACCTTATCAGCTAATTGCACTCTTTGATGTGCTGGGAGTCAGCTTGCACAAGTTAAGTCCTTGAGGAAGGGGGTGGGTAAGGAGCCCTTAACGTCTTGCAAATGAAGGAGCCGAATGGAATCCCTCCGGCTTTCTTAGCTAAGAGAGAGTCAATCAAGTTAATACAAGTTAGGGTATCACAAAAGTATATAATTTGATACATTTTAACGTATTTATACACTGAAGAGACCATCACCACCATCAAGACAAGGAGCACACCCATCACTTCCACACACTTCCTCCTGCTCCTTTGAAATTCCTCCCTCCCTACCCACCTGGTCCCACCCAAAGGCAACCACTGAACTACTTTCTGTCACTAAGGTTTGCATTTTCTGTAATTTTTTTGTTTGAGACAGGGTCTCACTCCGCCACCCACACCGTAATGCAGTGGCACCATCATGGCTCACTGTAGCCTCAACCTCCCCAGGCTCAGGAGATCCTCCCCCCTCAGCCTCCTGAGTAGCTAGGACCACAGGTGTAGGCCACCATGGCAGGCTAATTTTTGTATTTTTTTGTAGAGATGGGGTTTCACCGTATTACCTAGGCTGGTCTCGAACTCATGGGTTCAAGCAATCCTCCTGCCTTGGCCTCTCAAAGTGCTGGGATTATAGGCATGAGCCACTGTGCCCAGCCCTCTGTAATGTTACACAAAGGGAATCATGCAGCACGTACTGCCCTTGGTCTGGCTTCTTTTGCTCAGCATGATTATTCTGAGAATCATCCGTGTTGTTGCGTGTAACTGACTTCATCAGCTTCTCTCTGCAGCTGTCAGCTCTTGGCTTCTCCCAACAGCCAATCTCTCTTTATCCCCTGCAAGTGTTCTTGCCTATTTAGCAGAATCAAGGTACTCTATCGAAAAGACTCGGAAAATTGGTTTAATCTATTCATTCATTCCTCAGGTATTTATCGAATAACTATTCTATACCAAGTACTATGCTAATCAACCAAGGACAGCACAAACAGGAGAAATCTCCAGCTCAGTCACTTGAGTTGCAATAAATATTTGCTGGATAGGTCAGGTGCAGTGGCTCACACTTGTAATCCCAGCACTTTGGGGATTACTGAGACGGGAGGATCTCTTGAGCCCAGGAGGCCAAGGCTGCAGAGAACCATGATCATGCCACTGCACTCCAGCCTGGGTGACAGAGTGAGATCCTGTCTCTGAAAAAAAATATTTGCTGGATAAATTAAGGAAATCTGACGAACCCCATCAGTAGCCATTGCAGCAACAGGTAAACTAGAACGAGTGTGAATTTGGAATGAGGAAACCCGATGTTGGCCATCATTCTGTAATGTCATGTATTATGTAATGTATTATATATTAATGTATGTATTATGTAGGCAAGTTCCTTGACCTCTCTCACTGGTAACATAAGAGTAGTAATCTTTGTGCTACTTCACTGGGTTATTTTAAAGATCAAGTGAGGTAATAATGTCTGTAACAACATTCTGTAAAATGCAAACCGCCACATGAATGTGAAAGTTTATTACTAGGGATTTAGCCAACCACAAGGGAATGTGTGAGCATAAGAGCTATCATATTGCAAGCCTACAGTTTCTGATTTTGTGCTAGGTGCTTTTCCACATTACCTGATTTTATCCTCACAACAGCCCTGCATAAAAGTAAGTATGTCGCCCAGGTGCGGTGGCTCATGCCTATAATCCCAGCACTTTGGGAGCCCGAGGTGGGCAAATCACTTGAGATCAGGAGTTTGAAACCAGCCTGGTCAACGTGGTGCAACCCTGTCTCTACTAAAAATACAAAAAAAAATTAGACAGGCGTGGTGGTGGATGCCTGTAATCCCAGCTACTTGGGAAGCTGAGGCAGGAGAATGGCTTGAGCCCGGGAGATGGAGATTGCAGTGAGATGAGATTGCGCCACTGCACTCCAGCCTGGGTGACAGAGCAAGGCTATGTCTCAAAAGAGAAAAAAAAAGTAAGTATCTCAGTCTTGAAGATGATGAAATGGAGGCCTAGAGAGATTAAGTAACTTGCCCAAAATGACAGAACTAATGCATAGAAAAGAAGAAATGTGATGTCTTTTGGCTCCAAAGACACCCCACATATGCGTTGGTTACAGTTACTAGAGAAAAGTTATTCCACCCCCACCCCACCCCCAGAAATCTTCTGACTTGTTTTCTCGCAGTTGAGTAGGACCATTTATTCGGCAGTGTACCATTCTCAGCTTGCAGTTGAAAGCCAAATATCCATTAAAGAGGCAAGGATGCAAACTTGCTAAGCTGATAAATCCAGGGGTGATTTTTTTTTTTTTTGCAAACCATCCAACAAGACATTTTAAATACTCATTGAATTTCATAGAACTGACTGCCAGGATTGGAAAGACATTAAAGCCAGCTCAGCCACTGCCTCGCTGGTTGGCCAGACCACGCCTGGCACTTCTGGGAGGGAGCACTCACCACCCCCCAAGGGCACCCATCTCATCCTCCGAAGGTTTATGAAAATGCACTCATCATTTGCTAATTCATTCCACTACGTGTATTACCTAATTTGTGACACGATGTGAAGTACCAGAGAGATAATTCTAAATAAAATATAGTTATGGGTCTCAAGGAGCCAGATATGCTAATCTCCTATCCTCCTGCAGTTTACAGTGGTCCTCACCAGATACTTATTTACAAAAATTCAGTTTATTATTTATTTTTTTGAGACAGAGTCTTGCTCTATAGCTCAGGCTAGAGTGTAATGGTGTGATCTCGGCTCACTTCAACCTCTGCCTCCCAGGTTCAAGTGATTCTCCTGCCTCAACCTCCCAAGTAGCTGGGACTACAGGCACCTGCCACCACGGCTAATTTTTGGAGTTTTAGTAGAGACAGGGTTTCACCACGTTGGCCAGGCTGGCCTCGAACTCCTGACCTCAGGTGATCTGCCCACATCAGCCTCCCAAAATGTTGGGATTACAGGCGTGAGCCACCATGCCCGGCCAAAACTTCAGTTTATAACACAATCTTTCACGTGTCTTCTGCTTTCATTAAAAGAATAGACAGTTCCCTTCTTTATTTCAGTTTAATAAACCATGGATTTTATTTCATGCTTTGCAAAACACAAGGGCTCACTGACATGCACTTCTTAAACTAATTCTGGCTGGTCGCCTGTAATTCCAGCACTTTGGGAGGCTGAGGCCGACAGATCACTTCAAGTCAGGAGTTCAAGACCAGCCTGGCCAATATGGTGAAACCACGTCTCTACCAAAAATATAAAAAATTAGCCAGGTGTGGTGGTGCGTGACTATAATCCCAGCTACTCAGGGGCCTGAGGCAGAAAAATCACTTGAACCCGGGAGGCGGAGGTTACAGTGAGCTGAGATCGCGCCACTGCACTCCAGCCTGGGCGACAGAGTGAGACTCTGTCTCAAAAAATAAATAAATACAAATAATGTAAAATACGAAACAAGCAATCCTGGCAGTAGCTGCTGGAATGAGAGGAGGGAGAGGTCATAGGGAGGTCGGGGACAATGGAGCATGGAGTTGTGTTGGATTTGGCTAAGCAGCAGGAAGTGCAAGGCATTCCAAGCAAGAGGAGGGGGGCAGGTGGGGAGCATCTGCAAGAACAGAAGCAGCATGAGCAACCTGGCTCGGCAGTGTGTGAAAAGGCTGAAAGGTGGCTAGAGCCACTTCAATTTCATCCTTCAGGCAAATGGGAAATTCCCAAAGGTTTGAGTGGGGAAGCAATGCCTACAATGAAAGTTTGAGAGTGAAGCAGAGTGATCGAATTAAGCATGTAGGCCGAGTTCTGAAATAACTGCAATGTGCTGAAGATCATCCATTGGCTTCTGAATGAGTATTTGCAGTTTATTTTTTAAAATGATTTTATTGCCAAGAAAGATAAACACTACTGTTTTGGTACAAAAACATAACAAAATGTGTTGAGTCCCTCTTGCTGTTTTACGCGAAGTTTTAAAAATCTACTCTTGTCACAGTGGTATCACCCCTACTTCTGATTTCAAATAAATGTTCTAGAGACACAGTAAGGGCCCAACAAACGCTTGTTCAACAACACAAGGAGAGCCAGCTTTTAAAGTAGGAAAACAGGCCGGGCGCCGTGGCTCACACCTGTAATCCCAACACTTTGGGAGGCTGAGGTGGGCAGATCACTTGAGGTCAGGAGTTCAAGAACAGCTTGGCCAACATGGTGAAACCCTGTCTCTACTAAAAACACAAACATTAGCCAGGCGTGGTGGTGCACACCAGTAGTCCCAGCTATTCAGGAGGCTGAGGCAGGAAAATGGCTTGAACTGGGGAGGCAGTGGTTGCAGTGAGCCGAGATCGTGCCACTGCACTCCAGCCTGGGGGACAGAGGGAGACTCCATCTCAAAATAAAACAAAACAAAACCAAATCATACAAAAACATTAGCTGGGTGTGGTGGTGCATACCTGTAATCCCAGCTACTTGGGAAGCTGAGGCAGAATTACTTGAACCCCTGGGGGGAGGTTGCAGTGAGCTGAGATCTTGCCACTACACTCCAGCCTGGGCAACAGAGTGAGGAGACTCTGTCTCAAAAAATATATATATTAAAAAAAAGAAAAAAAAAAGTAAACTAGGAAAACACATCAGCAGCCTGCCAACAGACTCCCCTAGCCTCGGTGAGGGCCAGTGTTCTGGGAGGCAGATCTGAATTCTAGTCCTAGTTCACCCACTGGCAGGCTGGTGCCCTTGGGCAGGTCGCTTCTCTGGGGCTCAGTTTCTTCCTCTATAAAATGAGATCAAATCCCATGTTCTAAGAGTTTGTGCTCTGGAGTCAGACAGATCTGGGTTCTACCACTGCCAGCTCTGTGATCTTGTAGCTTCAGTCTCGTCATCTGACATGGAGATAACAGTAACTGTCTCACTGTGTTGTTAGGGTTTAAAGGAGATAATGTATGTGAAATGTTAGCAAACAAGTGTTAGCTACCCTGATTTCCGGTTTCAGAGTTCTGTGGTCCCAGTTTATGCCACATGCAGTGACGTTGTATGGTAGGCTGTGGTGTGGCACCACTTCAGAACTCAGCGCATGCACAGCTTGCAGAAGAGAAGGCCAGAGGAGACCTAAGAAGGCTCTTCGAACACTTGAAAGACCGGCATGTAGGCCGGGCGCAGTGACTCACGCCTGTAATCCCAGCAGTTTTGGAGGTCGAGGCGGGTGGATCACCTGAGTTTGGGAGTTTGATACCAGCCTGACCAACAAGGTGAAACCCCGTCTCTACTAAAAAATACAAACATTAGCTGGGCATGGTGGCGGGTGCCTGTAATCCCAGCTACTCCGGTGGTTGAGGCAGAATTGCTTGAACCCGGGAGGCAGAGGTTGCAGTGAGCTGAGATTGCATCACTGCACTCCAGCCTGAGACAAGAGCGAAACTCCATCTCAAACAAAACAAACAACCAACCAAACAAAACCAAAAAAAAAACTGGCATGTAGAAGAAAAATACTTTTTCTCTACACTTCTCCAAAGAATTTAACTAGGCCCAGGGGAGGTGCAGTATAAATTTCTAACAATCTCAACTGTCTGCCAAATGGAATGAGCTACTTCATATGGCAGTAGTGAGTCCTCTGTCTTTGGAGGCATTCAAATAAAAGCCAGATGGCCATTTATCAACAATCCATGTAAAACGTTAGATGAAATAAAACCTATATATCCAAGATCTCTTCCAATTCAGATTTTATGAAAGAATTTCTAAGGTCTTTGTAATGAGACATTTAGGCTGTTTCAAGAGATCAAGCCAAAATCAGTATGTGGGTTCATCTGCAATAAAAATGTTTGTTTTGCTTTTACAGTTTCCTCATTTGGCTGTTGGATTTTAAGCAAAAGCATCCAAGAAAAACAAGGCCTGTTCAAAAACAAGACAACTTCCTCTCACTGTTGCCTGCATTTGTACGTGAGAAACGCTCATGACAGCAAAGTC	HG2_10X_SVrefine210Xhap12_212	NM_000462.3:c.2365delG	Pathogenic	Dec 01, 2020	MONDO:MONDO:0007113,MedGen:C0162635,OMIM:105830,Orphanet:72	15q11.2	0.0
1	55076137	55076108	1	55076138	55076166	Deletion	HGNC:25032	C	CCACTCCACATTCAGACCGTCATCCCCAGG	HG4_PB_assemblyticsfalcon_605	NM_176782.3(FAM151A):c.1003_1031del (p.Pro335fs)	Benign	Dec 21, 2019	MedGen:CN517202	1p32.3	100.0
1	67693700	67693674	16	67693689	67693691	Deletion	HGNC:25070	T	TCTTCCTTTCTTTCTTTTCTTTCTTTC	HG2_Ill_Krunchall_555	NM_001082486.2(ACD):c.250_252del (p.Lys84del)	Pathogenic	May 26, 2016	MedGen:CN232699|MONDO:MONDO:0014690,MedGen:C4225284,OMIM:616553,Orphanet:3322	16q22.1	0.0
1	86046215	86046191	1	86046212	86046235	Deletion	HGNC:2654	G	GACACACACACAGACACACACACAC	HG2_Ill_Krunchall_731	Single allele	Benign	Jun 19, 2021	MedGen:CN517202	1p22.3	100.0
1	89257817	89255854	16	89257819	89257819	Deletion	HGNC:1754	T	TTGGCTCACGCCTGTAATCCCAGCACTTTGGGAGGCCGAGGCGGGCGGATCACCTGAGGTCGGGAGTTCAAGACCAGCCTGACCAATATGGAGAAACCCCGTCTCTACTAAAAATACAAAATTAGCTGGACATAGTGGCGCATGCCTGTAACCCAGCTACTCGGGAGGCTGAGGCAATAGAATCGCTTGAACCTGGGAGGCAGAGGTTGCAGTGAGCCAAGATCGTGCCACTGGACTCCAGCCTAGGCAACAGAGTGAGACTCCGTCTCAAAAAATAAATAAATAAATAAATAAATAACATGTCATGTATTCCTCTGGGGCTATATGACTTCTTTGAGACTATGAGCTGTATAGTTGACCCTTGAGCAACGCAGGGGCTAGGGAGCACAAGCCTACATTTCCAACCCATGTACTCGAAAATCCACATAACACTTTTGACTCCCCCAGAACTTAAATACTAATAGTCTACTGTGGACCAGAAGCCTTATTGATAACATAGACAGTCTATTTTGCAAAAAATACAAGGTTTTTGTGCCTGCCGTCTTAGCTGCAGCAGCAGCTTCAGAAATTTCCTTTTCTTCTTTTACAGTGGTTCTTATTCTGGATTCATTTATATTGAAATGGCAGAAGCTACAACTGCAAACCTCAATATATAGGATACATATCAAGCAGTTCAACTTGTTCTTGTAATGTCATGATTTTTCTCCCCTTCTTGGGAGCGCTTCCAGCATCACTAGTGGTACTTTGTAAGGGTTCCATAATATTATTCAAGGTTTATGGTATTGCATTAAATACCATGAAAAATATGCAAGAACTGAGGCAGATCACTTTTACTGCCATATGCAATTTACTAGAGAGATGAACTGCTCAGGCAGAAATAATTAGATTTACATAGTGTTTTAAATGGATACTGTTGACACTTGAGCTCACCATAAGAGCATTAGGAGGTGGCTACAAAATTATAGTAGTACAGTACTACAGTTAATTTTATGCAGTTATGATTTAATATTGCATCTTGATGTTTGTTTATATTTCTCTTGACTATAAATGGTGCCATGTATGGTCTGTAAGTGTTTGTGTGTAAGTTTGATAAATTCTAACCTTTTCTAATAGATTTGTGTATTTTATGGTAGTGAATGATAAAATAGACTAGTATCTACATATATGCATTCATGACATATCTTTGTTGTAATGTTTTTGATATTTCTATGCTATGTGATTCATCTGCAGATTTTTCAAACTGTTGCACATTTCCAAAAAAGATTCCAGTATATTTATTGAAAAAAAATCCACGTATAAGTCGACCTGTACATTTCAAACTTGTATTGTTCATAGGTCAGCAGTATAGAATTGCCTACTTTTTTTTCTTTTTTGTTTCTGTTATTTCTTGAACATCAGGTACTCTCTGATATTCATTAAGGATGACTTTTATTCTTCCTTCCAACATTTGCCATCATTATGAGGGATTTAAAATATCTGCATACAGTTGTCCCTTGGTATCCATGGGGAACGATTTCAGGACTCCCTCTCCCTGTACCAAAATCCATGGATGCTCAAGTCCTTTATATAAAATGGTGTATTTGCATATAACCCACACACATCCTCCTGTATACTTTAAATCATCTCTACAGTAATTATAATACCCAGTGCAATGTAAATGCTATATAAATTATTATACTGTATTGTTTAGGGAATATTGACAAGAAAAAAAAGTCTACATATTCAGTACAAATACAACTATCCTTTTATTCCCCAAATATTTTCAGTCGTGGTTGGTTTAATCCACAGATAAGGAACCCACAGATACAGAGGGTGGACTGTATATGTAAACAACCCATATAATATACCACTATTTAAACTTCTTTGAACTCCTGAACTCTGGTATACCTTTACTCCTTTGTCATTTTAAATGAACTGTGCTACACAAATTGAAATCTTAAATTCGATATACCTGTTGGGCACGG	HG4_Ill_SVrefine2DISCOVARDovetail_453	NM_004933.3(CDH15):c.1316del (p.Pro439fs)	Uncertain significance	Feb 26, 2020	MedGen:CN517202	16q24.3	0.0
1	89505866	89505891	10	89505873	89505874	Insertion	HGNC:8604	TCCCTTCCCCTTTCCGCTTCCTCTTC	T	HG4_Ill_Krunchall_781	NM_001015880.2(PAPSS2):c.*146_*147insT	Benign	Nov 12, 2018	MedGen:CN517202	10q23.31	7.142857142857142
1	100657299	100657267	1	100657304	100657331	Deletion	HGNC:2698	T	TGTGTATACACACACACACACACACACACACAC	HG2_PB_assemblyticsfalcon_1001	NM_001918.5(DBT):c.*4480_*4507del	Benign	Apr 13, 2020	MedGen:CN517202	1p21.2	100.0
1	110603286	110603314	1	110603286	110603287	Insertion	HGNC:449	AGGTGCTTCCTCCGTGGTGTCCAGGCAGG	A	HG3_Ill_150bpfermikitraw_874	NM_006492.3(ALX3):c.*68_*69insCCTGCCTGGACACCACGGAGGAAGCACC	Benign	Nov 10, 2018	MedGen:CN517202	1p13.3	100.0
1	111957501	111957477	1	111957502	111957525	Deletion	HGNC:8524	C	CTCACAGACTGATGACTCACAGGGG	HG3_Ill_GATKHC_1186	NM_002557.4(OVGP1):c.1598_1621del (p.Thr533_Val540del)	Benign	Oct 11, 2019	MedGen:CN517202	1p13.2	100.0
1	111957514	111957445	1	111957502	111957525	Deletion	HGNC:8524	G	GACTCACAGGGGTCACAGACTGATGACCCACAGGGGTCAGGGTCTTTTCCCCAGGGGTCACAGACTGATA	HG2_Ill_scalpel_685	NM_002557.4(OVGP1):c.1598_1621del (p.Thr533_Val540del)	Benign	Oct 11, 2019	MedGen:CN517202	1p13.2	0.0
1	111957523	111957544	1	111957523	111957524	Insertion	HGNC:8524	GGGTCAGGGTCTTCTGTCCAGT	G	HG2_CG_vcfBeta_424	NM_002557.4(OVGP1):c.1599_1600insACTGGACAGAAGACCCTGACC (p.Pro534_Val535insThrGlyGlnLysThrLeuThr)	Benign	Nov 08, 2015	MedGen:CN169374	1p13.2	100.0
1	111957547	111957502	11	111957547	111958707	Deletion	HGNC:10683	G	GGGTCAGGGTCTTTTCCCCAGGGGTCACAGACTGATAACCCACAGA	HG3_Ill_GATKHC_1187	NC_000011.9:g.(?_111957547)_(111958707_?)del	Pathogenic	Oct 18, 2020	MONDO:MONDO:0014045,MedGen:CN166604,Orphanet:201;Human Phenotype Ontology:HP:0002666,MONDO:MONDO:0008233,MedGen:C0031511,OMIM:171300,Orphanet:29072;MedGen:C1868633,OMIM:168000,Orphanet:29072;MONDO:MONDO:0011740,MedGen:C1847319,OMIM:606864,Orphanet:97286	11q23.1	0.0
1	152129065	152129029	1	152129066	152129101	Deletion	HGNC:26809	G	GTGGTGGGAATCTCTGTCTTGTTTCTCAGACTGACCA	HG2_Ill_SpiralSDKrefine_787	NM_001122965.1(RPTN):c.474_509del (p.Gly159_His170del)	Benign	Jul 27, 2018	MedGen:CN517202	1q21.3	100.0
1	152327436	152327205	1	152327437	152327667	Deletion	HGNC:33276	T	TGAACTTGACCCATGTTGACCATAGCCAGATGACTGACTTGAGCCAGAACCATGTTGGCCATAGCTAGACTGATGTGATCTAGACTCATGTTGTCCAAAACCAGAGTATTGTCCTGAGCCAGTCCCATGTTGTCCAAAGCCACTGGACTGACCTGAGCCTGATCCATGTTGTCCAAAGCCAGAGTATTGACCTGAGCTTGACCTGTGTTGTCCAAAGCCAGATGTCTGTCCC	HG3_PB_assemblyticsfalcon_1181	NM_001014342.3(FLG2):c.2595_2825del (p.Ser869_Thr945del)	Benign	Jan 01, 2019	MONDO:MONDO:0054852,MedGen:C4748093,OMIM:618084	1q21.3	100.0
1	179876726	179876692	1	179876727	179876760	Deletion	HGNC:29456	C	CTTTATATATATATATATATATATATATGTATATA	HG3_Ill_Spiral_1021	NM_015602.4(TOR1AIP1):c.797-230_797-197del	Benign	Aug 12, 2019	MedGen:CN517202	1q25.2	100.0
1	237060600	237060620	1	237060612	237060613	Insertion	HGNC:7468	CCACACACATGCGCGCGCGCA	C	HG4_Ill_150bpfermikitraw_1693	NM_000254.3(MTR):c.3711+194_3711+195insTG	Benign	May 20, 2021	MedGen:CN517202	1q43	25.0
1	237060600	237060640	1	237060612	237060613	Insertion	HGNC:7468	CCACACACATGCGCGCGCGCGCGCGCGCGCGCGCACACACA	C	HG3_Ill_150bpfermikitraw_1669	NM_000254.3(MTR):c.3711+194_3711+195insTG	Benign	May 20, 2021	MedGen:CN517202	1q43	13.636363636363635
1	237754389	237754344	1	237754390	237754434	Deletion	HGNC:10484	T	TCTCCTCCTCCTCCTCCTCCTCCTCTTCCCCCTTCTCCTCCTCCCC	HG2_Ill_GATKHC_2131	NM_001035.3(RYR2):c.4160+111_4160+155del	Benign	Aug 10, 2019	MedGen:CN517202	1q43	100.0
